	AL	AM	AT	AZ	BA	BE	BG	BY	CH	CY	CZ	DE	DK	EE	ES	FI	FR	GB	GE	GR	HR	HU	IE	IS	IT	KZ	LT	LU	LV	MD	ME	MK	MT	NL	NO	PL	PT	RO	RS	RU	SE	SI	SK	TR	UA	ATL	BAS	BLS	MED	NOS	ASI	NOA	BIC	DMS	VOL	SUM	EMC	EU
AL	3.2315826176	0.021460768	1.72968372906667	0.0375185578666667	2.00687711573333	0.790914730666667	5.19511627093333	0.163001429333333	0.520467387733333	0.00815220213333333	2.50926967466667	6.47638603093333	0.476876731733333	-0.0179770624	2.67351135573333	0.0788554752	5.41472139946667	0.725383304533333	0.0118793024	18.9618476373333	1.60914363733333	2.64692312746667	-0.9287815168	0.000510427833333333	33.3395197952	0.0960052992	0.0784632149333333	-0.918878481066667	-0.00350520586666667	0.406959445333333	1.74976095573333	3.95995136	0.1953641472	-0.0776483925333333	0.104787652266667	4.04919391573333	-0.7007936512	3.5393036288	6.06602472106667	1.15245929813333	-0.856372360533333	0.635045751466667	1.23684481706667	1.92120777386667	3.13458688	0.586011170133333	0.425763362133333	0.307933320533333	23.5316335957333	0.7764473856	0.0244534592	0.345993966933333	3.83773026986667	-0.0180611306666667	0.1733033984	143.442813697167	113.4516048993	78.5230003701333
AM	0.00872127146666667	5.2002881536	0.0568954837333333	5.316739072	0.013440976	0.0392723029333333	0.1076241152	0.0903133098666667	0.0352026794666667	0.114468898133333	0.0547688661333333	0.337567368533333	0.0311689130666667	0.00339289226666667	0.380040123733333	0.0241998378666667	0.285298466133333	0.359856776533333	0.353933038933333	0.1521325568	0.0216848	0.0402246570666667	0.220759808	0.000821244866666667	0.6739177472	0.3383094272	0.0185215594666667	0.216354730666667	0.0080450672	0.0616347349333333	0.00825059306666667	0.0207812949333333	0.00270609866666667	0.270509806933333	0.0366306389333333	0.146235204266667	0.232205329066667	0.216764279466667	0.0363984128	1.70086700373333	0.251800046933333	0.0158064469333333	0.0294340501333333	13.3374421674667	1.16758350506667	0.0538278613333333	0.01955712	0.152261956266667	0.6484953088	0.0317159018666667	2.2886350848	0.0531543808	5.63233860266667	-0.00376578053333333	0.0385564586666667	40.9537906520667	32.0390137574	3.9655830384
AT	0.136992221866667	0.0301943402666667	64.9561112576	0.0929728597333333	1.65436429653333	7.64470121813333	2.50410707626667	1.70993472853333	10.4743152298667	0.0110220384	44.7210236586667	135.8743994368	2.9411057664	0.176139656533333	44.5243981824	0.8219564032	29.3156159488	50.1402872490667	0.0245314965333333	2.11019789653333	4.73260905813333	13.6225816576	39.5130699776	0.0215528298666667	146.900062481067	0.2312238592	0.540010427733333	40.3213473109333	0.2690212864	0.647177557333333	0.3080962048	0.408872004266667	0.0746821376	47.2289072469333	0.884365858133333	37.053792256	39.652622336	7.78865978026667	3.17898752	3.6783489024	41.073836032	20.2420147541333	6.53714664106667	0.810261026133333	8.80967133866667	1.4430654464	2.8323569664	0.1846862336	9.0070892544	4.8795369472	0.0680329173333333	0.286409181866667	9.43549207893333	-0.0601269888	0.238479803733333	892.708313287467	864.3932914464	816.2660532576
AZ	0.0179699456	2.30917133653333	0.167766664533333	34.092613632	0.032705568	0.109134967466667	0.2131307008	0.381355656533333	0.0916838656	0.152153070933333	0.211782638933333	1.05484711253333	0.177218542933333	0.0139003338666667	0.559067136	0.1255801088	0.740862429866667	0.751318493866667	1.0222444544	0.278552593066667	0.0675570602666667	0.163279325866667	0.246720068266667	0.00302342773333333	1.39099204266667	2.87548811946667	0.0865648469333333	0.232004608	0.034570944	0.145733290666667	0.018682592	0.0341704746666667	0.00443373386666667	0.386433536	0.155383057066667	0.5724387328	0.2642166272	0.508601344	0.0973298858666667	12.9653680810667	0.394486545066667	0.0484276138666667	0.116833553066667	12.8403810986667	3.464073216	0.199123882666667	0.101624516266667	0.2544084992	1.06377673386667	0.1297034752	9.1539095552	0.098671488	11.7939743402667	-0.0100005173333333	0.0866434816	102.492088532267	79.6202530773333	8.2835862704
BA	1.0470930432	0.0238813376	8.824946688	0.0333101418666667	19.1123685376	2.26652337493333	4.66553787733333	0.829417745066667	1.66709876053333	0.0103782901333333	14.1129777152	26.4068967082667	1.1338692608	0.00786417973333333	17.2234036565333	0.3130112	12.1176282453333	13.8882405717333	0.0095634688	8.37767441066667	9.07069467306667	14.2654581418667	9.71215448746667	0.00395637386666667	83.45157632	0.241630088533333	0.244132471466667	9.78057844053333	0.0855131136	0.6345035776	3.42850136746667	1.73913838933333	0.150602018133333	12.3014130346667	0.323711112533333	19.450855424	10.0525768704	6.9997182976	15.6568103594667	2.26942266026667	10.0633411584	2.855227392	5.7832390656	1.56564657493333	6.648651776	0.935270331733333	1.1283904512	0.258967876266667	23.4060666197333	1.85089747626667	0.0238417258666667	0.378954683733333	6.146818048	-0.0695626538666667	0.1158253824	393.026208343467	358.850738402133	282.880082239467
BE	0.0179099242666667	0.00733502026666667	0.967518481066667	0.0327061376	0.103085115733333	20.7720699221333	0.247268676266667	0.351330167466667	0.519623406933333	0.00228218	3.2788635648	25.038422016	1.589530624	0.0728470784	33.403305984	0.325214549333333	37.5791987370667	68.2667627861333	0.010886048	0.164776584533333	0.153666304	1.02600649386667	28.6945400149333	0.0544316032	31.9776817152	0.0273396416	0.134311176533333	28.1958197930667	0.0721961898666667	0.0748604501333333	0.0225947477333333	0.0307536085333333	0.0055627888	36.9277315754667	1.15180885333333	4.538732544	27.7657266858667	0.491625028266667	0.1969307136	0.920906820266667	28.1579771221333	0.295506568533333	0.4380869632	0.121235140266667	1.05918170453333	3.41965428053333	1.07522382506667	0.01554616	0.8884885504	13.4819687082667	0.0171302453333333	0.0364040021333333	7.93475099306667	0.3220566016	0.0395357184	412.516910335733	385.286151250933	379.690672138933
BG	1.9052347392	0.206402816	4.8180985856	0.5888790528	2.68868539733333	1.7116823552	138.320430148267	1.99944861013333	0.933517585066667	0.0535386794666667	8.6852124672	18.9352159914667	1.19810757973333	0.0151831498666667	0.443491362133333	0.424786158933333	8.0263036928	0.291118933333333	0.1723246592	39.4682651989333	2.14112201386667	11.4725584896	-4.2621288448	0.000286249933333333	20.7582243498667	1.97530883413333	0.321413905066667	-4.25738021546667	0.1151262208	7.82655105706667	1.46041064106667	7.55148335786667	0.176848469333333	-2.02184239786667	0.479967573333333	19.7315614037333	-4.06438352213333	71.484112896	16.1367293952	20.4266689877333	-3.83124875946667	1.1588599808	5.46202801493333	16.0740737024	57.1313531562667	1.05537481386667	1.42465897813333	7.37561695573333	21.7826175658667	1.96707027626667	0.2725294592	0.366654532266667	6.28454085973333	-0.0608520021333333	0.177401736533333	514.9792452974	474.333632121933	124.830641249067
BY	0.222160349866667	0.180842530133333	5.83823742293333	0.728108782933333	1.2323323904	5.13717589333333	7.73403224746667	63.8001392298667	1.69402763946667	0.0390190421333333	16.9095430144	45.3299929088	9.21894802773333	2.45709509973333	34.4663763626667	7.45742336	13.0293563392	50.0548501504	0.218797960533333	3.39099047253333	1.82141187413333	10.9707777365333	32.586268672	0.0427397717333333	49.3250412544	3.95199638186667	11.4014857898667	32.4358897664	4.74878880426667	7.41304784213333	0.411017557333333	0.615097617066667	0.0494703829333333	39.6790114986667	2.40700757333333	106.514105412267	32.1745889962667	25.3895420586667	3.0815920128	113.040590984533	40.0096755712	1.6238764032	9.3806002176	7.6750405632	140.7269994496	2.02283240106667	11.7700373162667	2.16140690773333	5.8766639104	8.09918573226667	0.438713002666667	0.128886852266667	12.0103206912	-0.1528688128	0.158693137066667	989.128984554667	946.615113416533	564.228588599467
CH	0.0304393322666667	0.0036877496	5.80964078933333	0.0075091472	0.202562048	6.0052176896	0.1785321472	0.147213636266667	27.7335943850667	0.0045135136	4.0013225984	56.7510783317333	0.639632725333333	0.0109352778666667	24.7839173290667	0.0757783210666667	51.1075767637333	24.8646445738667	0.00406332293333333	0.439511074133333	0.493574929066667	0.827017147733333	14.924890112	0.00668951253333333	85.9439104	0.0185086229333333	0.0518661674666667	15.5425745578667	0.0243040426666667	0.0276220245333333	0.0495989930666667	0.0722101930666667	0.0346960554666667	20.7012648277333	0.2363946496	2.8497682432	15.1566527146667	0.446670404266667	0.220693026133333	0.246164599466667	14.9638971392	1.22054656	0.357007086933333	0.2462810112	0.3216946176	1.3579603968	0.450071210666667	0.0246978581333333	5.19132009813333	3.5605676032	0.0155540341333333	0.1668050432	5.9632009216	-0.0137584704	0.110550971733333	394.612838061867	377.785868394667	347.092164042667
CY	0.0120537898666667	0.0134299050666667	0.0647818666666667	0.0181837888	0.0125530101333333	0.051200384	0.142054724266667	0.0196991189333333	0.0403814698666667	2.141007872	0.0652574506666667	0.350012416	0.028357216	0.00121498373333333	-0.642637687466667	0.0095204128	0.431982933333333	-0.699917380266667	0.00467251626666667	0.684228676266667	0.0258826474666667	0.0379375232	-0.850378410666667	0.0006052236	-0.06003968	0.0143899893333333	0.00448122986666667	-0.850777156266667	0.002231242	0.0397237333333333	0.00875532586666667	0.0261246976	0.00677708053333333	-0.789131127466667	0.0198836458666667	0.112631458133333	-0.833990178133333	0.1351860736	0.0405394048	0.240821794133333	-0.8419958784	0.0177117258666667	0.0270707157333333	7.81588780373333	0.4848576512	0.0564529450666667	0.0161678709333333	0.137886984533333	4.46662137173333	0.0445034410666667	0.3181003776	0.2870709248	1.00084845226667	0.0018704016	0.0044361264	13.9171828978667	7.58322400186667	-1.53246231186667
CZ	0.149005704533333	0.0351095317333333	25.5342433621333	0.146207112533333	1.9310682112	10.5245693269333	2.49854552746667	2.8506251264	4.52027214506667	0.0084931616	108.504224017067	157.110850901333	5.9809693696	0.412382958933333	66.9072577877333	1.6870764544	24.1712955392	79.6788173482667	0.0474027434666667	1.63001972053333	3.27621864106667	18.4362292565333	62.6376485546667	0.0459503658666667	93.688692736	0.2873602048	0.938999125333333	63.4409932117333	0.528902144	0.947930658133333	0.3269706752	0.359258487466667	0.0242545472	75.3638921557333	1.84729736533333	75.6398948352	62.5530896384	9.1588870144	3.77414341973333	6.52090518186667	65.7717067776	5.70840951466667	12.0532948309333	0.717143995733333	14.1489897472	1.82582203733333	5.10246966613333	0.179821892266667	4.2787577856	8.39160081066667	0.105473723733333	0.181857006933333	11.2755594581333	-0.0424762026666667	0.0958139392	1103.92019925227	1072.52549913493	1018.93620727573
DE	0.210534997333333	0.0990567936	38.7245626709333	0.384334984533333	1.70668373333333	112.269206050133	3.10174296746667	7.8850064384	30.8861359445333	0.0326768490666667	128.159099562667	970.763551812267	35.297329152	1.38661328213333	353.3432684544	6.95422976	253.128046455467	541.9322834944	0.135814766933333	2.17186153813333	2.50282338986667	17.1256228522667	324.481353864533	0.273104196266667	408.448803362133	0.742450449066667	3.15116284586667	332.042984925867	1.6323219456	1.49116504746667	0.306804258133333	0.387303048533333	0.0853355776	445.1041542144	12.1904321877333	145.058964002133	320.506551773867	10.9291787605333	2.6289995776	17.9320564394667	334.772498158933	5.78144064853333	10.9371217237333	1.59960896853333	27.1690782037333	18.2191729322667	32.7947146581333	0.2625305088	9.88464523946667	103.486053853867	0.2701714432	0.6137597952	54.8068567722667	1.3003362304	0.287434922666667	5137.7790364864	4915.85336013013	4793.29104497707
DK	0.0182417984	0.0105599402666667	1.5170871296	0.0280750272	0.181815517866667	5.59417207466667	0.106249233066667	1.980880896	0.676194372266667	0.00532691946666667	5.5354441728	33.3494747136	7.8826881024	0.327212270933333	40.9253576704	1.53198687573333	12.0468089514667	80.0120023722667	0.0113009610666667	0.15875456	0.2375370752	1.07516607146667	40.1303972522667	0.0440636032	42.778755072	0.109113156266667	0.916911854933333	39.2293296810667	0.462607598933333	0.1105774848	0.0345173077333333	0.0286727488	0.00765685866666667	46.5005663573333	2.92603139413333	21.2562870272	38.9686056277333	0.595204369066667	0.275615880533333	3.67887783253333	43.2451966293333	0.337363729066667	0.866766848	0.138926805333333	4.2716848128	2.50860284586667	10.2821494784	0.0162164874666667	0.3981053952	17.9628670976	0.0191038933333333	0.0486175317333333	5.2300496896	0.2540036096	0.0209022229333333	516.8666848896	480.126066637867	464.661926421333
EE	0.034323104	0.0121736885333333	1.1844964352	0.0273755413333333	0.0874809344	2.16248797866667	0.421564893866667	6.8980834304	0.5122747392	0.0023779168	3.84962614613333	16.9287854762667	6.1596532736	4.28487120213333	23.4992020138667	9.06775975253333	3.94636847786667	31.8698728106667	0.0175774506666667	0.304069393066667	0.279885824	1.25560449706667	22.7537081685333	0.0173815296	25.1957673984	0.536390621866667	2.76256576853333	22.6853606741333	2.92423406933333	0.556172151466667	0.0448902144	0.0833880405333333	0.004438004	26.1735798101333	1.31398301013333	23.7152239616	22.6045394944	2.0441276416	0.351701230933333	22.912434176	28.7156163925333	0.268447232	1.2677926912	0.334747989333333	11.3110581248	0.767998702933333	11.3627288917333	0.121412036266667	0.6050607104	4.7575056384	0.0179550058666667	0.0312342656	2.10382629546667	-0.00538757226666667	-0.0307406186666667	351.115056731466	331.383463375733	283.586449038667
ES	0.0824067072	0.0165930058666667	3.03628315306667	0.0194989461333333	0.499370973866667	18.7045511168	0.740250146133333	0.314984072533333	4.0983764992	0.00254773466666667	5.22458344106667	47.6316172288	4.90669288106667	0.0503539754666667	1019.50499935573	0.389815944533333	177.172399172267	110.8021608448	0.00418604213333333	1.259001856	1.11548873386667	2.11808187733333	48.9187355306667	0.121330346666667	98.3862782634667	0.0537530965333333	0.1170567424	48.3016354474667	0.0600846762666667	0.121228142933333	0.105769873066667	0.1293768704	0.127946504533333	63.4876635818667	1.41229438293333	6.7365404672	160.739448149333	1.64358976853333	0.5874612224	0.771303355733333	48.3107624277333	1.40812479146667	1.06744654506667	0.2772021248	1.47263788373333	101.9360313344	2.44227386026667	0.0784374528	123.999223808	17.4507524096	0.0230081344	2.33911637333333	55.7600385706667	0.0433343786666667	0.2125480448	2186.33667827066	1882.05191390373	1868.46481170907
FI	0.0606562688	0.0827416917333333	4.1576931328	0.1089922304	0.2209801216	8.76193655466667	0.6440697856	17.8154340352	2.43965979306667	0.0153858336	12.0555186858667	66.9339353088	23.5947185493333	11.7170361685333	72.4610755242667	126.388596462933	19.6701323264	117.977295530667	0.0944653909333333	0.669963810133333	0.902511957333333	3.5370131456	68.4527976448	0.116889079466667	77.5115767808	1.610612736	8.22175552853333	67.4230566912	7.0165889024	1.23498878293333	0.1052684288	0.178187349333333	0.0100022698666667	80.8925877589333	15.2263983104	61.1654172672	67.2126162261333	4.1905946624	0.622454306133333	82.2341533696	114.439216605867	0.957494749866667	3.76704341333333	1.9862495232	25.7624877738667	5.6261443584	40.5916439893333	0.276502647466667	2.43789796693333	21.2038057984	0.0875364693333333	0.0489579904	15.8291307178667	0.0513764992	0.0255453226666667	1266.82679222933	1180.64825046933	1025.01045487253
FR	0.319853909333333	0.0709200042666667	14.8648438442667	0.230112529066667	1.70006923946667	100.499892906667	1.78118656	2.4850046976	29.4637120170667	0.0261176021333333	31.7897703424	332.407469943467	13.046628352	0.484240861866667	531.733134267733	1.84481409706667	818.838520900267	501.637010773333	0.0848038997333333	3.25836909226667	3.8821363712	7.57256192	192.972394769067	0.2997699584	414.7048873984	0.232399701333333	0.868918954666667	195.402941508267	0.496872823466667	0.5785657344	0.369896686933333	0.478235989333333	0.422305348266667	256.136638190933	5.6342675456	31.8424743936	202.656640750933	4.7921610752	2.0990930944	5.86762540373333	188.934450926933	6.24729074346667	3.54980276906667	1.76786950826667	6.59712136533333	66.4995452245333	8.4629569536	0.1776311808	89.942786048	98.2177458858667	0.162752238933333	2.25571157333333	80.9834643456	0.6264178688	0.7613310976	4269.06414118827	3920.9737987712	3852.23899348053
GB	0.07705216	0.0728324437333333	5.35160695466667	0.2313958912	0.3985765376	23.2195227648	0.976151620266667	3.01218010453333	3.21743202986667	0.0150468704	16.3384961706667	97.779712	14.8821824853333	0.512307985066667	121.7829011456	2.63715744426667	99.3156049578667	533.734551278933	0.100327662933333	0.807341738666667	0.861939643733333	4.2851295232	116.242767325867	0.417504256	106.093067195733	0.545836987733333	0.991405533866667	88.1376799402667	0.641576072533333	0.430375765333333	0.102044842666667	0.121211118933333	0.0233007274666667	114.2671802368	7.55410971306667	37.6360490325333	90.1077969578667	3.21764420266667	0.666746197333333	7.3807200256	92.6769916586667	1.10847317333333	3.54480264533333	0.904262519466667	6.698975232	43.1066797397333	7.75713969493333	0.0837286485333333	3.94126731946667	64.4562769237333	0.143659810133333	0.243821499733333	57.1320478378667	1.64120521386667	0.178749781333333	1787.80454724373	1609.1199707744	1572.13265181973
GE	0.0262973290666667	3.72771689813333	0.198162517333333	14.563180544	0.0483386581333333	0.1322156288	0.652562909866667	0.3693704192	0.0856736170666667	0.218812501333333	0.248957269333333	1.18227326293333	0.142145706666667	0.0136984234666667	-0.0719936256	0.101189777066667	0.708787677866667	0.0147706453333333	3.7128691712	0.6795126784	0.0882971733333333	0.2547748864	-0.4695903232	0.00227055706666667	0.901468296533333	0.787117329066667	0.0692279210666667	-0.4828659712	0.0303592810666667	0.2517920768	0.0285543381333333	0.0731690410666667	0.00789624106666667	-0.287601322666667	0.119271125333333	0.763415005866667	-0.447073041066667	1.0164363264	0.169737659733333	12.7211252394667	-0.3605334016	0.0677641344	0.15025792	28.0629193386667	5.11703722666667	0.1581644288	0.100116155733333	1.50579623253333	1.93207473493333	0.151716522666667	3.58446257493333	0.125956394666667	9.7060356096	-0.0131189066666667	0.0940627968	92.735035612	75.389769068	3.7660320896
GL	-0.0024452848	0.00010159585	0.241665706666667	-0.0122865941333333	0.0169246389333333	1.9500138496	0.0573557248	0.255981090133333	0.182945211733333	-0.0006293802	0.983708740266667	8.0586735616	2.01653248	0.0354620266666667	0.403611648	0.5908652032	4.03161470293333	17.0450845696	-0.0037179376	0.012555152	0.0329783061333333	0.144510600533333	-0.8253892608	0.268854971733333	-0.9350162432	0.0144577866666667	0.166787242666667	-1.71629131093333	0.0672802261333333	0.020152672	0.00220001293333333	0.00636758133333333	-0.000291412733333333	1.08910742186667	1.9417178112	4.29653633706667	-1.45083897173333	0.1426075904	0.0252394197333333	1.07630844586667	-0.483640763733333	0.0617859242666667	0.216599125333333	0.0287896213333333	0.8014411776	2.47818048853333	1.30050239146667	0.0157318336	0.4142584832	3.94578930346667	-0.00628152746666667	-0.00958631466666667	49.1294599850667	0.0745582933333333	0.00650992106666667	98.2053938745167	40.8562710169167	36.0002971750666
GR	3.44649263786667	0.1615188992	3.50839657813333	0.298471287466667	2.20593711786667	2.05378792106667	53.6813677226667	0.8511838208	1.17561029973333	0.177097335466667	5.32727289173333	14.6722149717333	0.9960046592	-0.0492927616	-4.31723752106667	0.206544418133333	11.7215373994667	-9.3852237824	0.0830398805333333	127.252299776	2.0419596288	5.8937819136	-13.8943113898667	0.0024703568	39.4329762474667	0.7850119168	0.1408271872	-13.8449846272	-0.0134083072	3.80216470186667	1.3049315328	8.7442505728	0.5028352	-11.5835742890667	0.429737608533333	12.5495836672	-13.2833837056	23.2706845354667	8.43288302933333	9.37637205333333	-13.7472420522667	1.04778799786667	3.08455942826667	23.0581425493333	27.5400207018667	1.6532168704	1.0643204096	4.2727317504	85.8997566122667	2.10003449173333	0.21371008	1.0794272768	11.1527067648	-0.0504721536	0.409008878933333	426.935540991467	319.141100010133	148.448849156267
HR	0.570486408533333	0.0182494506666667	12.469108736	0.0333258666666667	7.1362248704	2.5374212096	3.95947158186667	0.756291925333333	2.14765827413333	0.0060663072	16.5090645333333	30.1195482453333	1.06548066986667	0.0495559125333333	21.8116784128	0.360034577066667	14.9239147178667	17.1727410517333	0.0101038570666667	5.05423517013333	9.14544831146667	16.66449408	13.393936384	0.0029096864	107.676740266667	0.149105032533333	0.2279859712	13.544128512	0.107767355733333	0.649937783466667	0.979561130666667	0.9777229824	0.132651588266667	16.106897408	0.351771716266667	21.3598011392	13.7618871637333	7.98178235733333	8.75458286933333	2.62312782506667	13.8992167594667	5.91675774293333	6.2050435072	1.00217337173333	6.3746834432	0.917034052266667	1.08590373546667	0.221035656533333	24.0890522282667	1.87036562773333	0.0175544096	0.346687931733333	4.93267408213333	-0.0609913130666667	0.1301589248	438.250251501867	404.7007761664	351.076157421867
HU	0.6435239936	0.0398172544	14.1576470528	0.114477730133333	6.69022672213333	3.86218284373333	10.6170548224	2.3836786688	2.2499938304	0.00892757706666667	31.8077883733333	46.8973824682667	2.42877262506667	0.153369975466667	31.9036391424	0.8336949248	14.6346683050667	33.4305995434667	0.0361570602666667	5.5117692928	9.2817850368	58.3247855616	26.3046671018667	0.0164539594666667	81.9081248768	0.233728290133333	0.6811559936	26.4924626944	0.317385898666667	1.5473668096	1.34856635733333	1.62952901973333	0.0734018389333333	31.1408852992	0.753234602666667	66.4681010517333	26.4669538986667	31.2748627285333	15.3732896085333	7.42838818133333	27.5401583274667	5.82693464746667	21.2903460864	1.63758557866667	21.7098114389333	1.00767757653333	2.310443008	0.597349307733333	11.9665284437333	3.3184514048	0.0613499093333333	0.207592533333333	6.91380224	-0.0984823893333333	0.1017184512	699.861767580267	673.475337094933	558.465805401067
IE	0.0159718869333333	0.0136199701333333	1.1402213376	0.0475628416	0.0215396416	3.9130669056	0.0748084650666667	0.204175035733333	0.466546688	0.00296308746666667	2.1613789184	16.1562077866667	1.3003173888	0.0349283264	15.3524786517333	0.245665109333333	19.7058931370667	66.3348139349333	0.0210952682666667	0.136325376	0.175608149333333	0.3241711616	15.5179450368	0.075657472	10.6373010773333	0.0926132650666667	0.106177902933333	7.80225850026667	0.0511073962666667	0.0680701141333333	0.0105550336	0.0190119637333333	0.00271900266666667	13.0322879829333	0.916554752	5.0933055488	8.9826902016	0.2022182912	0.0848915370666667	1.06790468266667	7.93497163093333	0.118221764266667	0.476185770666667	0.1503041024	0.443103061333333	12.8501197482667	0.856504593066667	0.00932098986666667	0.776986282666667	7.89395155626667	0.0283596202666667	0.0503059456	12.840747008	0.0849197909333333	0.00965440426666667	236.136285098133	200.735415158933	196.563602937067
IS	-0.000330985866666667	-0.000145433366666667	0.2956622848	-0.0035284192	-0.00271966933333333	1.96121914026667	-0.0121769194666667	0.128269755733333	0.176918596266667	-0.000209739016666667	0.941499733333333	7.41422639786667	1.81419595093333	-0.00605377226666667	-1.491349504	0.242809344	3.7416812544	20.4869424469333	-0.0014296	-0.002406868	0.0163964458666667	0.0643430528	0.0494265386666667	1.35169242453333	-1.8710044672	-0.000162026966666667	0.0636862933333333	-2.1373587456	0.0151798890666667	0.00606376106666667	-0.000364430933333333	0.0012786364	-0.0002067885	1.30662413653333	1.0419585024	2.44845800106667	-2.117771264	0.0185006869333333	-0.0011551028	0.0640728405333333	-1.50219748693333	0.0423533952	0.1568570368	-0.000871151466666667	0.219639108266667	4.1944612864	0.9736587264	0.00289789546666667	0.0856345344	4.25221789013333	-0.000897307533333333	-0.00130141693333333	8.64720213333333	0.051228352	-0.0039908496	53.11962452315	34.9185132790833	31.9166062604833
IT	1.7486168064	0.112212992	44.9184792576	0.219401250133333	13.8977574912	13.3920118101333	10.8795909461333	2.057836544	26.5566748672	0.0769771264	34.1304431957333	139.320526984533	5.08412832426667	0.0578015061333333	123.812114158933	1.1266285568	180.426340215467	76.9624550058667	0.0635897898666667	20.0006238208	23.5540840448	23.2717112661333	49.4213660672	0.0389334058666667	1137.85938029227	0.460900352	0.581451502933333	50.0372340736	0.246813371733333	1.7134260224	2.6733944832	2.86548186453333	2.4885133312	61.8441255594667	1.37907991893333	37.0665324544	52.9979670528	15.5561994922667	12.6272176128	5.9411955712	50.4136947029333	28.2214946133333	9.479667712	5.12372626773333	16.54226944	8.36544047786667	4.4030926848	0.8459393024	213.035585809067	10.4845312	0.155925162666667	3.54227377493333	43.6641595392	-0.134095317333333	1.48381696	2573.09674071894	2287.25007112533	2143.23848196267
KZ	0.136115140266667	1.3691363328	1.80568200533333	6.49955355306667	0.462745122133333	1.99133457066667	3.58085044906667	6.96981695146667	0.814676650666667	0.176461824	4.16443405653333	15.6987632298667	2.21792856746667	0.618355234133333	-23.1111305898667	2.8092465152	5.8599931904	-17.8542193322667	0.925861751466667	1.94571482453333	0.592151688533333	2.13188580693333	-24.5054570496	0.0156836544	-16.5601880746667	44.035342336	1.1897073664	-24.5429217962667	0.714658542933333	1.79672009386667	0.164592930133333	0.376110216533333	0.0120874165333333	-21.9545119402667	1.92131454293333	16.5714318677333	-24.6079684608	7.3102082048	1.05966749013333	195.028547447467	-22.1932770645333	0.4995400704	2.04456618666667	15.5585697109333	58.7481961813333	1.14886888106667	2.06416008533333	1.5307726848	3.60041622186667	2.48025060693333	5.82975488	0.0660220202666667	68.675043328	-0.1165895424	0.116241527466667	317.8829181088	232.487977415467	-114.877883032533
LT	0.0891863893333333	0.0202361301333333	2.28127389013333	0.0570183082666667	0.5047738368	3.32160887466667	1.61387874986667	14.4735196501333	0.6893500416	0.00418053813333333	8.9388908544	31.8160480938667	8.58626239146667	1.31188299093333	29.9810881536	4.66868906666667	6.96178059946667	42.323345408	0.0259365973333333	0.849047005866667	0.6756872192	3.66119021226667	28.887810048	0.0236032064	34.8865866410667	0.972838570666667	7.86866230613333	28.8089134421333	3.13910203733333	1.42821225813333	0.154956987733333	0.2029935104	0.0165530944	33.8650005504	1.38752955733333	50.42143232	28.6420718933333	5.89484796586667	1.06619460266667	24.937988096	34.9357146112	0.6118088704	3.16649826986667	0.4996897792	24.6362821973333	1.10968292693333	11.8199331498667	0.232080418133333	1.4386847744	6.631112704	0.0600705578666667	0.0566304384	2.63512910506667	-0.0443403349333333	0.0435249834666667	503.292674541333	479.310165818133	399.955442163733
LU	0.00188836026666667	0.0007796818	0.1343691264	0.00318134213333333	0.0125504842666667	1.68900922026667	0.0165560576	0.0410099712	0.0798198016	0.000361439133333333	0.493879364266667	4.059877376	0.126800110933333	0.00686728426666667	3.3483481088	0.0285359509333333	4.87571674453333	5.2957724672	0.00113747	0.0196594901333333	0.0138736234666667	0.121643383466667	2.67050543786667	0.00312011546666667	3.2183304192	0.0026156064	0.0128271882666667	3.7456027648	0.0071746464	0.0073399728	0.0022516648	0.0029677968	0.00116738173333333	3.61058167466667	0.0955203498666667	0.485652992	2.63503571626667	0.0430479402666667	0.0165573333333333	0.0839612586666667	2.65496849066667	0.0385594538666667	0.0487798101333333	0.0131533312	0.0982885973333333	0.249283089066667	0.096303616	0.00132021213333333	0.136574139733333	0.895617092266667	0.00193788626666667	0.005449216	0.686855304533333	0.017878592	0.00413938613333333	41.9650053356	39.8696468014667	39.3300260422
LV	0.0544840106666667	0.0210840256	2.1949616128	0.0491667413333333	0.274917700266667	3.3776566272	1.02504441173333	12.6880361130667	0.835539694933333	0.00435896026666667	7.45321321813333	32.2673311744	8.7340089344	2.5853321216	33.1984535552	6.6487730176	7.21643165013333	46.4407887872	0.0285335488	0.630878139733333	0.4911752192	2.5099198464	32.0954651989333	0.0272026752	37.037277184	0.8800294912	5.51664735573333	31.9659070805333	5.54825263786667	1.1339917312	0.1032115968	0.135289582933333	0.00923749333333333	36.8164252330667	1.65320062293333	42.3419751082667	31.80756992	3.99497598293333	0.687460488533333	29.8666317141333	38.79174144	0.526412014933333	2.49682384213333	0.759450965333333	22.3429700266667	1.14679220906667	13.6682897408	0.240621243733333	1.0958016512	6.84217685333333	0.0475446954666667	0.0493323306666667	3.22342912	-0.042325824	0.0112383626666667	521.551138880267	495.268238497333	418.215842153867
MD	0.0951997696	0.0603947562666667	0.741700334933333	0.266035234133333	0.3421487104	0.568147217066667	5.12363451733333	2.22238324053333	0.203543296	0.0122291829333333	1.6789680128	5.38523183786667	0.723006805333333	0.0456557909333333	-1.14562348373333	0.337611776	1.66399904426667	-0.2047780864	0.0783274496	2.006396928	0.2927524864	1.56039017813333	-1.65089293653333	0.0013149096	2.03828196693333	0.7233247232	0.307921885866667	-1.65882088106667	0.175332078933333	6.80550126933333	0.131517277866667	0.302637738666667	0.0179433152	-0.802885905066667	0.172348398933333	9.32972571306667	-1.6594223104	15.1345266688	0.999973614933333	12.9969531562667	-1.31509766826667	0.194904746666667	1.22392999253333	3.79905419946667	37.9014567253333	0.2245599232	0.715696469333333	1.89958908586667	2.49283979946667	0.780505565866667	0.1553695232	0.0489762304	1.8588319744	-0.0173730677333333	0.0379305088	115.423809691467	107.226883678667	19.573855536
ME	0.762839722666667	0.0064105216	1.4093426688	0.00867819466666667	2.1721853952	0.446881723733333	1.80403254613333	0.0877726549333333	0.33634304	0.00264317333333333	1.990336512	4.52363987626667	0.228657937066667	-0.0047051216	2.70964517546667	0.0495225770666667	2.85945064106667	1.71145516373333	0.00185548346666667	4.34224797013333	1.23483149653333	2.05272446293333	0.8412084224	-6.8453075e-05	19.7973748394667	0.0770245376	0.032466432	0.8473817088	0.00312814373333333	0.1411230464	3.21603720533333	0.976081578666667	0.0733596501333333	1.3286879232	0.0453662677333333	2.8546277376	0.9354481664	1.76679581013333	4.7798468608	0.438856430933333	0.879400413866667	0.457593275733333	0.9967577088	0.620089070933333	1.4206427136	0.255383825066667	0.243928046933333	0.0809420117333333	9.1360935936	0.392991300266667	0.00802818666666667	0.167726882133333	2.0593713152	-0.0125215317333333	0.0501768277333333	83.6481417639917	71.2660213063917	51.3692771821333
MK	2.027309056	0.0215113749333333	1.22231016106667	0.0383210752	0.986732475733333	0.477448328533333	9.95382504106667	0.15525888	0.3312284672	0.0121834784	1.96558629546667	4.48625322666667	0.2968425472	-0.0106595392	1.87093701973333	0.0435872938666667	2.68914333013333	1.06147915093333	0.0095538048	27.3955793578667	0.789226154666667	2.41950337706667	0.0393036458666667	0.0002053138	13.0958731946667	0.124854903466667	0.0633444266666667	0.0457982122666667	0.00635907306666667	0.475393297066667	0.823062254933333	8.0099721216	0.0628675328	0.587146171733333	0.0725878101333333	3.36674024106667	0.1558560768	5.05411938986667	6.1466836992	1.23210001066667	0.115331541333333	0.388977629866667	1.1447570432	2.0831305728	3.72266543786667	0.312281873066667	0.278836667733333	0.351228654933333	8.73204230826667	0.487116868266667	0.0262889493333333	0.141966071466667	2.64061719893333	-0.0181853312	0.119026961066667	118.131510179933	105.060289958067	63.0025488170667
MT	0.0019116996	0.00017589345	0.0227388416	0.000447256066666667	0.00931162346666667	0.0194162090666667	0.0130206272	0.0008608506	0.0125423648	7.12186583333333e-05	0.0217245568	0.111472384	0.0073852256	-0.000190290466666667	0.104393088	0.000836718733333333	0.217925410133333	0.00998966506666667	0.000129928858333333	0.0349386410666667	0.0113187829333333	0.0168858037333333	-0.0482543274666667	4.91806416666667e-05	0.6156654592	0.000736144933333333	0.000325086766666667	-0.0481447893333333	-2.56965583333333e-05	0.00214096146666667	0.00238444693333333	0.00379118373333333	0.230278075733333	-0.029650048	0.00230921386666667	0.0377262208	-0.0399858688	0.0159556778666667	0.0108192266666667	0.0069551088	-0.0491806122666667	0.01030056	0.00917873813333333	0.00617216853333333	0.0190651669333333	0.0207676032	0.00620179306666667	0.0013124448	0.851695889066667	0.0212156245333333	0.000291630633333333	0.0138897898666667	0.0912737621333333	0.000585387	0.00196728053333333	2.38511898238333	1.37591777755	1.2558202702
NL	0.0115348074666667	0.00814709546666667	1.017063424	0.0259963008	0.0735414101333333	14.8756245162667	0.143342216533333	0.4202994688	0.418851464533333	0.00228156586666667	3.8714023936	30.5064487594667	2.25895150933333	0.108347323733333	36.57793536	0.463577429333333	21.9325136896	83.9853189802667	0.0115787274666667	0.115903121066667	0.130656750933333	0.891742754133333	34.9106427221333	0.0620403029333333	36.0529985536	0.0509293056	0.1381489408	33.6757194752	0.0852510634666667	0.075479168	0.0175644405333333	0.0227592448	0.00437826906666667	55.0809632768	1.70412591786667	7.48401076906667	33.3881955669333	0.600189405866667	0.1306061824	1.21363851946667	34.3237678421333	0.207145898666667	0.644916565333333	0.102639650133333	1.46271423146667	3.9021010944	1.5841947648	0.0136880544	0.495689728	20.1356629333333	0.0163842112	0.0279674176	8.36184582826667	0.3881447424	0.0338621418666667	474.249425297333	439.289884381067	432.603249769867
NO	0.0439908650666667	0.0376127829333333	2.19725264213333	0.0724906922666667	0.210943863466667	18.4610936149333	0.0697927168	6.63509947733333	1.3590437888	0.0153507328	7.5835768832	73.9733056170667	30.9468244650667	1.45995625813333	50.9685181098667	11.5801434794667	34.8342867285333	220.499821636267	0.0356056192	0.373354564266667	0.451791598933333	1.7075023872	49.1028086784	0.265779780266667	53.7001547093333	0.378545425066667	3.62139183786667	45.4332557994667	2.078324736	0.198331323733333	0.0526662058666667	0.0644147498666667	0.0195781397333333	69.4767626922667	58.2104820394667	31.870877696	44.8612969130667	1.147652096	0.485730269866667	16.9642797738667	74.5374045525333	0.512660718933333	1.62906794666667	0.4698001408	7.7596246016	11.9123509248	21.5163579050667	0.0279407018666667	1.6924033024	52.3533986474667	0.0620913621333333	0.140464494933333	25.6516991658667	0.0476575872	0.0522363349333333	1039.81484977707	926.3582493504	831.4445715392
PL	0.643018069333333	0.1060288	25.0144576853333	0.519456631466667	4.63378131626667	24.8999247872	7.80074625706667	30.7028426752	5.22654897493333	0.0314678272	119.604213623467	290.7163328512	46.9095415808	2.8973973504	176.6398099456	12.5623872170667	43.9487780181333	232.041043285333	0.1416092672	5.4835314688	5.86494388906667	42.2309789696	169.129996014933	0.149476437333333	220.204612539733	2.06602622293333	10.8950235818667	169.3739646976	4.6192033792	4.56930781866667	1.1212558336	1.377040384	0.0910493866666667	206.314405888	7.07634681173333	532.3853135872	168.298929629867	31.045451776	10.0239136085333	53.4658984618667	191.1761666048	7.32000692906667	36.5912741205333	1.98032889173333	102.876586530133	5.3498413056	47.1193135786667	0.714712951466667	8.87808273066667	36.6209247914667	0.4388018176	0.4317161472	24.6133205674667	-0.111950446933333	0.297852928	3135.12303599787	3010.77041962667	2739.3798109696
PT	0.00851319093333333	0.00119615626666667	0.256097467733333	0.000609909266666667	0.0102656757333333	1.98599789226667	0.0447273514666667	0.0350195904	0.416657271466667	3.87742541666667e-05	0.633959424	4.80429561173333	0.513341405866667	-0.00283833573333333	91.7482591573333	0.0558813568	13.4868402176	17.5605328554667	-2.84668776041667e-06	0.0625970304	0.0353937216	0.0700438826666667	9.69662245546667	0.0226299242666667	11.6137350485333	0.00281661066666667	0.0174889898666667	9.4191910912	0.00776506346666667	0.0016665372	0.00621432586666667	0.0120343797333333	0.0100832522666667	11.0621753344	0.2843478016	0.926970538666667	115.752217258667	0.0543286357333333	0.0150471701333333	0.0331111701333333	9.43874266453333	0.0606341589333333	0.112789307733333	0.0147120128	0.0837635754666667	51.1705000618667	0.206881792	0.00571055413333333	8.5351940096	1.95719140693333	0.00301507333333333	0.256788462933333	10.8232474624	0.251293815466667	0.0202060992	373.606542806033	300.376514068166	299.293461904121
RO	2.1009657856	0.292460032	10.6252632064	1.01048538453333	8.18435249493333	4.51151735466667	89.1452478805333	7.94813344426667	2.25421953706667	0.0970551637333333	30.6327956138667	54.7115018922667	4.47630759253333	0.1838821376	13.3292021077333	1.61675250346667	17.8846334976	16.7321741994667	0.277817122133333	27.4483161770667	5.59387333973333	38.3342870528	5.21840940373333	0.00791183413333333	66.2462180010667	2.8418981888	1.5823630336	5.273460736	0.726037981866667	17.7475463850667	3.07563861333333	6.05871418026667	0.206387012266667	12.0141982378667	1.15340888746667	84.7116588373333	5.516828672	242.8309602304	28.0792836778667	47.0714155008	7.24493871786667	2.9194870784	19.7770368341333	16.9592400554667	139.669082385067	1.98789625173333	4.31444159146667	9.82179730773333	27.3234395136	5.38666871466667	0.514249045333333	0.535255210666667	15.2265435818667	-0.1494520832	0.510231313066667	1119.79443845173	1054.3233680048	432.020713045333
RS	2.37272951466667	0.0470629461333333	7.40323273386667	0.0990082133333333	9.4500651008	1.97490210133333	25.08537856	1.23782949546667	1.45613878613333	0.0114038186666667	16.4145943893333	24.3479849642667	1.15412882773333	0.0275587605333333	14.0519451306667	0.4121024512	8.69165574826667	13.0579595264	0.0249837162666667	18.7145344341333	5.3439905792	25.0693899605333	8.74192349866667	0.00399461146666667	54.4603810474667	0.480981572266667	0.391924667733333	8.7600693248	0.127215377066667	1.74028281173333	5.09588493653333	6.7808755712	0.132869632	11.3133114709333	0.5329787904	29.5629378901333	9.0050117632	24.4598833152	49.2942524416	5.21568692906667	9.33552018773333	2.0549660672	10.4255531690667	2.62298118826667	17.2531493546667	0.924039168	1.27909669546667	0.7538169856	16.6330783061333	1.82212007253333	0.0551626666666667	0.331357184	6.40056087893333	-0.0880216490666667	0.1309277952	462.4833534808	434.241215377333	275.643076942933
RU	1.27589690026667	10.7880360618667	31.0431361706667	56.0047893162667	5.54389613226667	42.3662977024	39.4420901205333	190.705373457067	13.8167069354667	0.866381687466667	75.647418368	326.056245111467	74.3356760064	47.3359493802667	224.261046272	211.597778397867	100.478554385067	394.221095048533	11.381850112	20.1032357205333	8.81332114773333	35.9498732885333	203.121928874667	0.507012027733333	313.084416273067	130.321202107733	40.7074155178667	200.3952467968	31.9230421674667	28.4150311594667	2.02939979093333	4.00664630613333	0.197344853333333	261.9811037184	48.5239816192	349.8654564352	198.986921847467	108.037782459733	13.3427735210667	3225.90659488427	291.645423616	8.14865012053333	31.8103464618667	140.636201506133	830.862192366933	27.073609728	98.4224366592	20.5475719850667	39.3125953536	73.3818126336	21.9445308074667	0.585044923733333	282.3061241856	-1.01651339946667	1.1987574784	8950.24673250987	8386.49076215467	3516.12998422187
SE	0.119403255466667	0.0323568298666667	4.920991744	0.1515082752	0.7299004416	22.4292088490667	0.2335537152	17.1636381013333	2.0850323456	0.0172552810666667	18.9411251541333	123.919698056533	65.5620134229333	6.54510598826667	141.134170248533	49.4704437930667	37.7188297386667	285.673136674133	0.0371335253333333	0.9061021696	1.04209913173333	4.8708583424	137.893179118933	0.2380985344	150.2537056256	0.7491612672	10.7583908522667	134.955331310933	8.0374382592	0.889503675733333	0.218911488	0.2354234368	0.0305743530666667	164.920208042667	40.8673845248	80.6733567317333	134.223538858667	4.1226272768	1.425999872	50.7432752469333	235.123577105067	1.07188783786667	4.4374908928	0.3624178688	21.8656538624	10.9680416085333	71.9127358122667	0.0606268074666667	2.91053868373333	74.9201435306667	0.113585885866667	0.210475502933333	26.8198412288	-0.0640711552	0.0657401514666667	2155.71835918293	1967.8007011264	1824.4876184512
SI	0.0926816426666667	0.00923626986666667	10.2678528	0.0180387861333333	1.11731131733333	1.1886206976	1.51017704106667	0.285060829866667	1.3391695872	0.00330603253333333	7.5023761408	17.0944375466667	0.4392228864	0.0273067434666667	11.8228931925333	0.138187511466667	7.49683889493333	9.92070970026667	0.00495082826666667	1.31193951573333	3.79394676053333	5.72886657706667	8.56206158506667	0.00351331013333333	62.0223747413333	0.0551386325333333	0.0664850901333333	8.690917376	0.0372798378666667	0.2120927744	0.200377890133333	0.282751146666667	0.0614940714666667	9.80723083946667	0.165712469333333	7.83875877546667	8.71655778986667	3.05654934186667	2.45350918826667	0.957398903466667	8.8074993664	12.1372530005333	2.28640945493333	0.332191061333333	2.24247862613333	0.369654340266667	0.438342178133333	0.0791569664	8.3953025024	0.698177467733333	0.0101329877333333	0.138907042133333	2.58134534826667	-0.0167421546666667	0.0864559872	232.8898992408	220.1091665752	201.976880168
SK	0.28719104	0.0263554538666667	7.90619641173333	0.0687896533333333	2.74707360426667	2.96036543146667	4.04525165226667	1.89168790186667	1.38085922133333	0.00664498613333333	26.0035182592	33.5197066581333	2.2635835392	0.163201245866667	25.3172056064	0.725062178133333	8.09326728533333	28.6936509098667	0.0219736661333333	2.8694913024	4.0425373696	30.6125908650667	23.0289156778667	0.0189673088	48.7727169536	0.1841276416	0.587746850133333	23.1923231402667	0.274052096	0.914724181333333	0.608877021866667	0.7849326592	0.036344	26.8764643328	0.5695775744	75.7737018709333	23.0426236245333	13.741850624	6.760947712	5.38283485866667	24.2921657685333	3.54913539413333	17.3027415381333	0.756770816	14.770536448	0.6535415808	1.9032952832	0.257435869866667	4.92597794133333	2.59784321706667	0.0467708842666667	0.0998465365333333	4.66308027733333	-0.0481236394666667	0.101904503466667	510.0708547888	494.8692823344	435.863415925867
TR	1.15059193173333	5.26631458133333	4.59314025813333	8.96824497493333	1.38087369386667	3.04205632853333	36.6996968789333	5.05513137493333	1.7891098624	9.00708980053333	6.12298533546667	23.7744248149333	1.9318480896	0.118169096533333	-18.0651829930667	1.0234456064	17.7404881578667	-21.5763888810667	2.31576234666667	48.7121922730667	1.696114688	5.2012449792	-30.0955686229333	0.0314546645333333	9.51303973546667	4.5422903296	0.727042321066667	-30.1305539242667	0.246697642666667	8.89964352853333	0.802166306133333	3.25521462613333	0.373867997866667	-26.2316053845333	1.5447887872	17.3067348650667	-29.1556928170667	30.2356649301333	5.45149801813333	81.5241538218667	-28.9855395157333	1.07842327893333	3.30308539733333	852.026790161067	122.008537224533	3.29796430506667	1.83828493653333	33.9983051434667	114.78106112	3.07532950186667	24.7394205696	5.61301149013333	79.6225961984	-0.0865418154666667	0.745514325333333	1411.8444323456	1144.21948657067	-30.42455616
UA	1.25504976213333	1.6999903232	14.4523384149333	7.03207615146667	4.88871471786667	9.6256720896	43.0258388992	49.9148608853333	4.1444302848	0.331285026133333	33.0980043434667	87.360667648	12.5555976874667	2.3473168384	38.8848593578667	9.27231290026667	29.1762317994667	57.4930201258667	2.0124315648	19.1073659562667	6.01477338453333	32.5831753728	30.0268453888	0.0545693013333333	94.7945821525333	15.5631714304	7.49587933866667	29.9127887189333	3.48205520213333	34.1698106709333	1.7825107968	3.70500375893333	0.151283080533333	42.5910512298667	3.4920087552	205.584352324267	29.7245234517333	115.737100288	14.0063440896	321.0988224512	38.0453868885333	4.32986057386667	24.7333344597333	61.2055427754667	723.1741362176	4.22268654933333	13.6966209536	19.6337401856	25.6459188906667	12.4251810474667	3.82576694613333	0.498011648	40.3688478037333	-0.269742626133333	0.621742830933333	2391.80575110827	2271.13697687893	857.159790370133
ATL	0.0291928832	0.272191095466667	36.795449344	-0.314836309333333	0.548902980266667	230.242211157333	0.551934327466667	30.8464123904	26.1213148501333	-0.028949408	116.992516642133	843.4579668992	170.6653384704	8.95139075413333	491.819822830933	86.7635560448	797.219749888	2372.53713810773	-0.0795224917333333	1.4619025408	5.09893618346667	17.3415759872	220.780001143467	10.0925429077333	181.578900002133	4.2124337152	14.5476911104	61.8875234986667	9.126273024	1.641678848	0.178226449066667	0.415982762666667	0.0923535786666667	351.508330359467	167.7340966912	317.8383802368	165.244917077333	11.7591856469333	2.19602015573333	205.385961745067	160.692506897067	6.46247328426667	24.8746278912	2.45226673493333	65.2649605802667	776.657524053333	106.934706722133	0.880376285866667	53.0654429184	431.486542370133	-0.0440335445333333	1.09850699093333	1206.18634007893	7.245676544	0.122567099733333	9806.89517902719	7223.26152950827	6688.85364736213
BAS	0.224987562666667	0.051661568	8.9776979968	0.177027805866667	1.12674461013333	23.8876448085333	1.51380978346667	28.9607953066667	3.03759414613333	0.0216897194666667	31.868059648	177.115618781867	59.6652894890667	10.9859591509333	247.3903783936	50.806718464	46.2102287701333	345.4578720768	0.0719777792	1.81365159253333	1.8902278144	10.390470656	242.058823816533	0.190095428266667	263.897918122667	1.78046798506667	15.0001068714667	240.282011784533	11.2137437184	2.45223396693333	0.349816388266667	0.464073147733333	0.0386536789333333	272.623748164267	14.6274997589333	148.1604857856	239.3236307968	9.83428410026667	2.8198879232	71.5978265941333	291.9148027904	2.28305769813333	8.37173029546667	0.978009634133333	45.3235922261333	8.39036818773333	96.6900929877333	0.2510739456	4.36848612693333	50.4003865258667	0.161079944533333	0.3551500288	18.7115459925333	0.771888196266667	0.0074326384	3117.34011117493	2937.23260660053	2749.75999307093
BLS	0.7179331584	3.39397727573333	5.64873570986667	7.87414166186667	1.69036936533333	2.46288384	50.0815932074667	8.46033169066667	1.18605195946667	0.685021525333333	10.4842788864	25.40388352	2.94060878506667	0.363812420266667	-13.1426036394667	2.10057106773333	8.82350434986667	-10.5083163989333	4.18529061546667	20.444708864	2.02759645866667	9.9539288064	-17.3270324565333	0.0114531690666667	3.66009002666667	10.0667752448	1.05219426986667	-17.3301202944	0.455792264533333	16.9101514069333	0.727956616533333	2.4954953728	0.156467694933333	-13.6941491541333	1.289834496	31.9356294485333	-17.2304531456	59.7236034218667	7.16545501866667	220.694489770667	-15.7271457792	1.300168704	5.63535598933333	137.940697088	275.114500642133	1.81572594346667	3.54710213973333	57.4290832042667	29.2262008149333	4.00750619306667	4.11694312106667	0.9052080128	1.13733331626667	-0.0241696213333333	0.376145783466667	942.8425918528	840.305512945067	28.5478153045333
MED	10.4404866389333	0.775078365866667	70.3939171669333	0.7692234752	30.1362774016	61.7601608362667	110.489326933333	5.76630347093333	41.3756642645333	18.2809471658667	78.9016390314667	356.811258811733	19.8149625173333	-0.28653312	500.805385147733	3.4630688768	653.9876237312	20.7459319808	0.232755694933333	276.710013883733	40.4714902869333	49.2909188437333	-116.9639079936	0.1408870912	1296.2639118336	3.71156964693333	1.39326109013333	-115.0786207744	0.243283780266667	15.1952348501333	9.21097557333333	16.9280951637333	22.6915429034667	-59.0553371989333	5.43110157653333	121.816254600533	-72.4430618624	86.9347186005333	38.6055187114667	46.8941624661333	-117.0079219712	30.6514231296	26.9177760426667	302.403935709867	130.4777719808	83.1200165888	16.5693980672	23.8286405632	1964.11468895573	52.5133763925333	9.98498850133333	39.7526127957333	173.6839790592	0.677401941333333	4.79412169386667	6395.53770091519	4026.49847635627	3130.10789845333
NOS	0.200793838933333	0.2481929216	11.2896387754667	0.551697134933333	0.9281933312	64.1761629525333	1.63794302293333	19.0092498261333	6.67835214506667	0.074805888	53.7047116458667	285.3423284224	80.7997014016	3.18818194773333	385.164858709333	13.900234752	206.201876206933	1156.34081191253	0.291585672533333	2.16410658133333	1.5951142912	9.59055680853333	368.191698807467	0.8472420352	373.549467784533	2.30055963306667	7.88496165546667	339.2715882496	4.30689375573333	1.44146036053333	0.2388678656	0.220465664	0.0634698581333333	404.5769015296	53.3458627242667	194.237728904533	340.493423957333	8.7733551104	1.7297227776	34.6954596352	379.134113655467	2.32019503786667	9.72269922986667	3.27154428586667	35.7997783722667	60.2844211882667	58.4453892778667	0.204496247466667	5.766209536	254.9779791872	0.454438877866667	0.691195562666667	98.9217510741333	5.01140957866667	0.424991982933333	5354.67884159146	4869.4965590784	4695.69111842987
ASI	0.358715562666667	3.7485871104	2.08454546773333	32.469221376	0.396081902933333	1.6829960192	4.1365110784	3.72085009066667	1.08601951573333	15.9106695168	3.14926557866667	14.2629328213333	1.73347416746667	0.218323421866667	-8.37911947946667	1.585840128	10.2100806314667	-7.13575082666667	2.1624774656	9.80026545493333	0.836169181866667	2.05266015573333	-13.2146331648	0.0289586005333333	3.4878849024	23.0009886037333	0.822778538666667	-13.3022919338667	0.3773215744	1.9227549696	0.2523372032	0.683937928533333	0.126044842666667	-11.1404788394667	1.7513340928	8.93076329813333	-12.8123524437333	6.3150424064	1.36626025813333	97.3321098581333	-11.5376280917333	0.566568823466667	1.59727998293333	230.849284232533	39.4154825045333	1.79017837226667	1.2641468416	3.48284409173333	71.2172066133333	1.6687394816	115.382174788267	4.63601882453333	170.745274914133	-0.0838164650666667	0.380228608	823.393560558933	452.910564488533	1.07744054613333
NOA	2.52439156053333	0.232007150933333	13.4240381610667	0.825383799466667	3.6477591552	15.8576530773333	25.5071267498667	3.93890474666667	9.49622975146667	1.80368943786667	13.0502645077333	77.7164161024	4.66308683093333	0.108614033066667	150.808944093867	1.3496745984	158.4897982464	-13.4537860437333	0.2617731584	72.256520192	6.25751272106667	7.0661226496	-62.9280866304	0.1115998464	181.130161902933	0.900905710933333	0.799947025066667	-62.9002338304	0.4271982592	3.59723008	1.84780212906667	4.13918057813333	5.13286417066667	-46.6694744746667	3.71234187946667	24.4976604501333	-36.0508424192	19.2434601984	8.20027938133333	14.5979626837333	-61.7188382037333	4.15456515413333	4.77315508906667	51.4437021696	25.2947202048	45.6802566144	2.7998027776	3.6721852416	538.512597538133	14.3549322581333	3.29786709333333	62.1885827754667	244.8094134272	-0.743381538133333	-0.237538577066667	1553.90410364587	639.5693860352	453.789112379733
SUM	41.0578467956	41.0059942212	542.657265344	180.630892879733	146.0096630592	916.348647748266	713.782560763733	569.077322228734	280.537029383467	50.4844378469625	1179.0306365824	5272.52534147413	748.583646552533	111.498723797533	5183.46944996693	637.3397362014	4071.20237974187	7709.41853142079	30.7138502529706	810.016668407733	182.633951700267	558.831677377067	2394.2092843904	16.0891905526666	6614.53515656534	266.437644749966	166.369470789167	2168.00138554453	107.330815695575	183.592378569067	47.624693962	92.4839131033333	34.6540464866334	3171.95826783573	478.205472522667	3144.926244032	2556.71396181333	1049.90303079893	309.5051903084	5109.60526625334	2704.50080815787	185.089827509333	353.559841438933	1959.34460375627	3148.7375210176	1387.28220383147	729.510461047466	199.541566423867	3622.83465737386	1518.08016635093	208.7574008507	132.299551248667	3023.6530178048	15.1153611867333	15.0435773712	77092.3522330893		
EMC	26.5613453994667	32.2842984448	394.043256558933	138.279037610667	107.535331054933	516.278941559467	519.864302523733	468.3744673792	191.5558035456	13.7365640533333	870.8799070208	3492.4149080064	408.301163861333	87.9689728	3429.00178507093	477.370061073067	2190.05946866347	3845.43465581227	23.5875117738667	425.365479970133	124.4569010176	453.145438890667	1773.61247709867	4.66641169066667	4310.9668880384	220.4639428608	124.868528264533	1735.17154112853	81.1803082752	140.431633066667	34.8187110058667	67.1366818474667	6.35264969386667	2273.80881435307	230.313391991467	2297.5092883456	1950.18876081493	847.319382971733	247.4220453888	4418.40706082133	2078.75088930133	137.351379899733	271.6672196608	1230.0052332544	2532.046798848	409.543726421333	443.259813888	109.792871492267	956.563805525333	708.670722321067	75.4039390208	22.6722753194667	1109.457371136	2.2603526144	9.17562763946667		45250.9596407125	33645.4293482155
EU	8.28344838826667	1.00371182933333	278.0999712768	2.8939812864	41.4249342293333	410.172802116267	104.862309853867	128.522011716267	129.7815699456	2.59821677226667	626.413080849067	2670.0301729792	261.520184661333	33.2644395690667	3024.06578121387	228.833029870933	1854.05335579307	3034.63794387627	1.01283170986667	178.403689540267	69.1257693525333	248.621109521067	1468.12370070187	2.0947992576	3320.1414209536	10.9275436373333	56.0189363541333	1438.59705883307	36.4640294229333	22.5982524074667	9.50906170026667	18.5496414890667	4.35089053013333	1834.0512792576	107.445529258667	1364.30237341013	1653.56464592213	177.860649506133	73.5320124074667	342.643703808	1636.8929865728	103.119864900267	145.484039236267	51.2706827605333	364.419306837333	344.225830229333	280.109689514667	8.86640694613333	599.192327509333	529.449650312533	2.4308047872	12.5435620010667	460.562855799467	4.264828928	4.50512677546667		27579.5867555157	25911.8250041344
emis	50.9878465272	63.0048751332	646.6245781952	253.7149015016	155.99661088	1105.5338839072	787.652593565201	692.650030582401	352.4954275128	68.425647796	1314.8472122104	6240.18813973281	882.7138044076	126.0000415652	4009.4390693676	815.957048869599	4919.6138590324	6931.09148670838	50.0107981428	990.043800521599	208.7158323096	598.6850203664	377.753846294	26.1941975768	5269.5522763884	466.542444856402	195.4024029628	99.1309218636	129.785856772	208.645314878	56.5342236096	109.8833845296	38.4608524124	1349.1903274872	701.649813985997	3515.219552174	816.8993711472	1175.1390932468	347.2819767076	7540.14479126036	793.38425771	210.608816	401.4349815652	2493.6483423324	3554.64147470081	1994.1459829896	834.712890022001	219.1860122056	4377.71527546322	1795.156199716		292.173501738799				70654.6108914316	61141.5210292949	41845.9870554568
