	AL	AM	AT	AZ	BA	BE	BG	BY	CH	CY	CZ	DE	DK	EE	ES	FI	FR	GB	GE	GR	HR	HU	IE	IS	IT	KG	KZT	LT	LU	LV	MD	ME	MK	MT	NL	NO	PL	PT	RO	RS	RUE	SE	SI	SK	TJ	TMT	TR	UA	UZT	ATL	BAS	BLS	MED	NOS	AST	NOA	BIC	DMS	VOL	SUM	EXC	EU
AL	69.7168190932889	0.00361649623973958	0.745094863706802	0.0209258116508437	0.240301347469375	0.0700060275047604	0.35988592095975	0.083479908521375	0.389781997314458	0.00202709022507292	0.470573555619344	1.49364963501345	0.0661926557192917	0.000807047779791667	2.04786269679965	0.0022541466860625	1.29618291853123	0.189810476030531	0.0190306690745104	8.39429656058326	0.810374197346688	0.998370886637063	0.0196824153434375	0.000341949508885417	13.6145389230513	0.0001816331916875	0.13527453049749	0.00978478290702083	0.00731946050453125	0.00275630884770833	0.0985280069864792	0.993313146576	2.91213767337495	0.0557040582862083	0.0905056158175	0.0115346008924167	0.455576963914927	0.143408980830208	1.20418111985009	14.1425422315793	0.42045723517349	0.013568032293625	0.236695133382344	0.26716690127024	0.000215962316447917	0.002374744015625	0.398430551661177	0.00749830527047916	0.00140961261561458	0.0230048921534583	-0.00114063458826042	-0.00755379255540625	-0.314178189163948	0.0227551659139896	0.0109983360898854	2.42495721225653	6.13827086949764	0.00640810929442708	-0.345758888775875	130.624235962784	122.666472882661	32.2579031780952
AM	0.00976972174589463	51.6358836239715	0.00691536310879211	44.3967799774563	0.0135215123166938	0.000503063618079586	0.0326716665931634	0.0331146118397471	0.00566952318231003	0.097372538878589	0.00511602574901169	0.0217853307333393	0.00381350099836293	0.00117295236457959	0.0916424895779155	0.00123142710477083	0.0192480435344613	0.00465868552186293	7.0908604276012	0.072429163521089	0.00540111381335169	0.0130123644402613	0.000753269458652503	-4.51562641145833e-05	0.0812010394246079	0.000315307550402503	1.44488983543671	0.00412937641826626	-0.0002610908528125	0.00174429530120459	0.00994542681644462	0.00174145493284293	0.00542563975767251	0.000373119642211256	0.00178303782774251	0.000570090620367506	0.0465569795841235	0.00403192390470294	0.0770072796026794	0.0391590925313906	1.71142651060808	0.00259547289745751	0.00138859906658626	0.00724104615320129	0.000384525818590003	0.277027002969538	54.6269902915021	0.105761511276172	0.0395316892194423	-0.00095196088656917	-0.00175135249097917	0.00522637468028672	0.0560896876851197	-0.00324878905103417	33.5996317702293	0.315296548805275	6.2148430150225	0.00666066435704002	-0.345286713461166	201.900749943765	162.054240698876	0.600116964172902
AT	0.2480532622725	0.00131060955370833	185.401695618459	0.00975851511741667	0.929402501132667	1.70915641163092	0.315068166084667	1.27436193619525	23.793042819508	0.00316160563445833	21.1045483058856	132.458130090427	0.614238165981292	0.0132163235185833	9.35591082658596	0.0165628277860833	16.3858049320769	2.70005721787113	0.00834017468366667	0.256269752828	6.87096217994383	7.76328904346004	0.378424597819917	0.008110438900625	91.1839432463995	0.00107489699941667	0.684892510030958	0.311651562980292	0.242477110079167	0.0583060341754583	0.219938816999792	0.0779113068952917	0.174358052865	0.0084423722445	3.58566200192133	0.0732732283197917	9.008442112034	0.410924700845708	3.10102026241121	3.07061765130217	1.16777885569146	0.158985928311125	16.4086405778375	3.26222357510696	0.000795206585833333	0.00747576234845833	0.278795895479083	0.306946023177417	0.00994310188345833	0.245505545008833	-0.004848964794375	0.00254347177008333	0.735217361472792	0.0734787226425417	0.0201338276411667	0.617756755528042	12.5683824920505	0.0717537140731666	-0.0131100280345833	559.75021001364	545.433397116281	506.216253370395
AZ	0.0155017630625761	14.2104161450194	0.0379479162938957	259.360495182769	0.0222308061805737	0.00325537079033916	0.0555906462476589	0.243807999009873	0.0101084609546405	0.0733990977074096	0.0255936500126493	0.115094529668611	0.0167486835294568	0.00840117985158589	0.128414020395648	0.0108198478035003	0.0309739572054047	0.0133943085804296	15.274101140754	0.106698293488022	0.0153965289499736	0.0406981822208313	0.002153135343886	0.000245693408373903	0.155896605344978	0.0201235520632012	10.7730208576826	0.0254277303113294	-0.000242591803829226	0.0117083418787283	0.0385622857911826	0.00263705922459567	0.00881149026557384	0.000511480006894736	0.0130609715889189	0.00228254651353872	0.306972610206736	0.00628906419576756	0.257577583202448	0.0760502584770969	23.6985661592051	0.0114505902644331	0.00648870291347952	0.0258939381451308	0.0255584241751276	2.35900359275496	23.5123497027709	0.282826037672582	0.532781539809625	-0.00741169709618959	0.000954523571907383	0.00794582608048705	0.0766848710656369	-0.000916209075671843	27.0341580769973	0.278370053898841	6.85293751377648	0.00965842293798056	-0.146956389816222	386.080520064249	351.975095071909	1.49021784539434
BA	1.68069687669335	0.00282772769387436	5.79761730345697	0.0176345587830805	49.4561382903888	0.326719046002031	0.822933423409389	0.759561108039158	0.988424318252198	0.00454083879932812	4.26816718346877	9.64721953188491	0.31967556579121	0.00750263946347645	5.39825925475469	0.0109677632202124	3.03998542656953	0.573547563238257	0.020826852566164	1.00311341451259	28.1346553245102	9.99876100481122	0.0628957860240762	0.00252462421906813	33.052333909035	0.000816946790032925	0.258391849490344	0.0373810778659403	0.0501045225759968	0.010949406935111	0.201533403567864	1.27762061757854	0.478921602395506	0.0417756710243605	0.634549330761556	0.0440897226245476	3.7482837399997	0.323089686457429	3.83230586247265	18.0591778664354	1.29578785996819	0.0921923164233298	1.57228910921115	2.36401218958229	0.000464513981104167	0.00530477819670751	0.523739469785608	0.529107903129775	0.00667377274681332	0.0654344144245846	0.0154128548088015	0.0228198142747219	0.29612017230438	0.107404573984721	0.0168736302198737	1.66234727485487	7.12663630559755	0.0363681389479419	-0.00571215860345075	200.129797576401	190.786092555587	87.0411725677511
BE	0.00362270194023529	-8.63908229132703e-05	0.726152572342474	-0.000137487612776959	0.150952339402009	137.756725464081	0.00207673271009992	0.0697490854122827	1.16162583905595	-8.77148827205849e-05	0.657542208861064	24.392306397197	0.547856183034936	0.0112196565821427	5.07271383491333	0.00879041389929373	103.177919389744	13.3538883445874	-0.000251066259496604	0.00080245498887406	0.218974789389486	0.213796345460328	1.9554142779457	0.00129939428573396	1.1260401832121	0.000301218419822022	0.0649592464704528	0.056327010176649	3.59286456103191	0.0272380299699281	0.00506021696144023	0.0025270031343999	0.000747153628156296	0.00298976578574906	31.102589988915	0.0291931657244435	1.03903333078238	0.374325843325681	0.142635003667727	0.236976635907632	0.0600390536078083	0.0933909976709404	0.112905741029538	0.0858552527615208	8.0396667170063e-05	0.000446740250473041	0.0227945597678552	0.0172425557000671	0.000892350788152899	-0.0894509499122265	0.075403738466592	0.000473230702332393	0.124335298385381	-1.00688417984823	0.00255741668780146	0.299704718243466	4.00122029729896	0.0350268535629118	0.0097780034694519	331.132486198669	327.680321771613	325.633312269794
BG	3.83225349863624	0.0579159814168785	1.94808950055535	0.276431165137481	1.26518644759428	0.171639239218358	124.429064385448	1.4150599264142	0.328852634285273	0.0447561082234918	2.35765816992281	5.69056804156732	0.34293526886711	0.0282830797588235	3.04274625045532	0.031192999806893	1.32618945034023	0.531919856033479	0.347764249144639	33.5513027436851	2.30824214630903	5.39785749379492	0.071276244080148	0.00389981239474947	6.72826948101724	0.0088469266407726	4.95087563831887	0.235666236198593	0.025095082118471	0.0547462292529789	4.35852958631103	0.304553496702992	6.08806358707742	0.0150068146958488	0.39352122004227	0.0593382435356579	5.05052299509356	0.196216077732556	51.4426689894636	28.4627291166468	11.1019257208237	0.184003837385566	0.38203226304608	1.80305162774684	0.00620902120287442	0.148743873625144	24.1675315773841	2.10772086062418	0.151174112502401	0.0575481201292638	0.0229988763529911	-0.0812447412741498	0.412116701014262	0.116865411183133	0.329956741070464	2.87938919078675	10.3300976085052	0.0356030995715436	0.218744941756323	351.550203257375	337.22812730828	245.476279685551
BY	0.488397118040987	0.0398112498491651	4.63035817394868	0.180954578121142	2.4488558670881	1.75212182106989	2.37894489948676	551.636528606558	1.88216446540875	0.00263096485224593	8.64328337343773	35.0897934581091	6.02249049307518	1.05030499401909	4.78991329865686	0.956946094377125	10.8872832934721	3.90884295406297	0.152952320379123	1.32171882402566	4.0588268406357	10.0882731236017	0.873931987895301	0.0238071451148097	10.9413650609137	0.0140426680657003	12.9822970697872	25.7795256427176	0.160563825423829	6.5761236186912	5.36010706448388	0.276417757825804	0.483970315118575	0.00757339628327985	3.32351357093735	0.781625139199964	117.609042097311	0.293141530241463	26.6893133338308	8.74613334927495	61.4506962222633	4.27696671503508	1.40986441127625	5.0419180137701	0.00675827636164994	0.0675548217281226	4.98616491428404	9.59057229326829	0.111525664868313	0.354586021681093	-0.656109886677673	0.068656207884863	0.851146638925024	0.291039677134524	0.231831614510961	0.777239388765843	15.9899074017917	0.136070934192665	0.449586202458416	978.769866918915	960.275912718247	294.505748970522
CH	0.0202772774420077	0.0002896333213125	2.71778623807242	0.00143765117264351	0.0606075884099959	1.17700256450302	0.0402011121439254	0.131259367901454	248.943955246536	0.000149056510020833	1.1319051826839	30.369199254511	0.319399907717011	0.00188537406489192	12.487314986737	0.00320186664920738	45.6048595002079	1.43042048092573	0.000581282078524519	0.0218121705246559	0.158369298878474	0.230277890802903	0.242848388017037	0.00244954580401779	46.24669076656	0.000346364241916667	0.0386946466669552	0.0292769046829049	0.142130897378973	0.00750092836914404	0.0123581592061965	0.00631432431176965	0.0211192014224436	0.00218860999541395	0.999705122361493	0.0233444581677769	1.20383399861437	0.617434874822507	0.235387648508002	0.187866060394441	0.102336287236731	0.0348909950565277	0.212656154627501	0.0703438795432133	0.000126991929166667	0.000526658761889103	0.0204780742900361	0.00179190240570641	0.000531458904070596	0.199947023463733	0.0306435093936418	0.000208347834854167	0.390648809875768	0.00106097676223662	0.00276834200724905	0.372758175512	9.0769555673908	0.0451692120131256	-0.0833190329114516	405.352207165416	395.315366234075	145.580304754591
CY	0.0220352967809844	0.00442889762063021	0.0136235646999479	0.0101198308651641	0.0116933420450104	0.0015639332723776	0.031385011062276	0.0118334785132135	0.00448811167308854	4.91732632327606	0.0136001625699323	0.0370722193799167	0.00279463672608854	0.000436322882927083	0.0680005795213724	0.00031601750221875	0.0289134202402578	0.00511861286501042	0.0130944396578828	0.117436101207729	0.0153022737797578	0.0186451140739714	0.000585010818427083	2.8543198875e-05	0.160331192822365	9.98988821354167e-06	0.0363491955106693	0.00221133132398437	0.000169886218002604	0.000637589397268229	0.00934038030053385	0.00226490162670573	0.0146946045308776	0.003136152026625	0.00258160315301042	0.000563628534065104	0.0338724104413411	0.00248222677797656	0.0556881856937526	0.0674441093869089	0.114562666811076	0.00148860412217969	0.00306025746803385	0.00943869526329167	8.14214469270833e-06	0.00160401921991406	3.41064057542833	0.0293464910623411	0.00136272170934635	0.0013444630485	0.000425260261234375	0.00414492763972917	-0.0537429811548255	0.00125065988961979	0.952949555796307	0.503385126487172	1.1513650339151	-0.000927891932364583	0.00839149242853385	11.8817164514736	9.31313080509463	5.53191516480635
CZ	0.175187257806042	0.000574347310155942	40.1498844613354	0.00477346867384698	0.815589014420205	2.30030480348556	0.283771746810179	1.31876846041948	7.75204873704923	0.00471809312552158	180.096200455721	133.657545342533	1.8555817015526	0.029928522251556	5.7018422611412	0.0414844688790409	19.5681040445874	3.58512942041015	0.00774964709568551	0.214630165687855	6.70159441482447	10.5687227936712	0.600526058586936	0.0183356038173345	19.1014499641932	0.00118033572100596	0.231067998818457	0.557479552869048	0.304932221658509	0.145981069244526	0.141766017975341	0.0691819237658179	0.135744113805934	0.0020350626259535	5.27345348956227	0.154143331259535	25.8433132882347	0.308203900787356	3.45048361036339	4.996922290866	1.03540333878766	0.546322155526825	4.72686683115185	10.3550908110714	0.000515328424615639	0.00236148068414205	0.36037589658053	0.0861925565881347	0.00530212502875912	0.247155284390694	0.0723375229810992	-0.000907813818800874	0.473990812432401	0.346788549125103	0.01406300254631	0.215030049490376	8.31463526502932	0.0730011282382225	0.0677303209550893	503.11258810816	493.28876398679	469.273986297068
DE	0.153645915027773	0.002180369783875	46.0528782037546	0.0172619914240229	0.403573695604337	86.2302651041733	0.144840526067815	2.00993459799671	93.0998081909723	0.004037979336625	35.4636990721403	2125.16155321836	19.8797134067938	0.166833573093096	46.5559745737513	0.149840788764846	354.50781920928	55.9711656830603	0.0128420249997083	0.200173150442417	2.7821979494026	3.8410196309236	9.06590389059579	0.0327608188322385	43.7526051773019	0.005388453088375	0.955966352960644	1.6797939205677	13.1217591386211	0.610491842528707	0.245194578744883	0.0420078883239885	0.0958577815624166	0.00648929269827293	206.731674122994	0.594738339349479	42.5859365690358	3.0793899353886	2.76298550874609	2.45691463159454	2.20620123491456	2.28457011709648	2.22848601317942	1.99089399944296	0.00339105309042813	0.0117586560806896	0.51909961497585	0.0301595303263664	0.0185437820370531	1.40399397743952	-1.78174696675185	-0.00182186808741667	1.55038989856354	-8.6880644842899	0.0539744791045459	1.36295682531177	44.5373756963615	0.161295256750793	0.142144502754967	3248.67071841639	3209.93022109923	3104.23079364814
DK	0.00135595412723588	0.00105638297172249	0.949512455639415	0.00628152049251044	0.0506041665308715	5.14796785665694	0.00924707645876293	0.419020425294919	0.44793808108937	-3.29937366119792e-05	1.39115336130533	72.3177298567668	144.121416250079	0.0317180634055348	1.36400366903405	0.0335488787367681	14.0789452491664	11.7221975187859	0.00155813598692766	0.00381641544140925	0.148995368138933	0.245686607693964	1.9043553849575	0.00970835087595775	0.523672251791922	0.00317315708687644	0.185139107822761	0.217046332878426	0.270253128515487	0.0978749457337117	0.00446933304056667	0.000918190450975062	0.00233931480845423	0.000990843750504961	15.5061871507765	0.747707254178602	5.81221396071508	0.0922520553774074	0.0514747609850593	0.113621002369361	0.23608580546865	2.64892911349141	0.0799934927140362	0.200725475005072	0.00173167794517283	0.00451380361136685	0.00897133886459736	-0.0146626052783107	0.00687697078529761	0.300066214084509	-1.27657423496105	0.000299214927778385	0.0595214910638108	-2.58552579721749	0.0233156983456253	0.0816433428299739	4.48093417791808	-0.0962248712623793	0.00688429670584406	282.204621431223	281.210281898788	278.822879162126
EE	0.00519534992011344	0.00571827853477474	0.861599785529281	0.0144253370471015	0.146375852930277	0.966068893284034	0.0295473369156351	10.6558331710057	0.484012848055712	0.000234696448300152	1.73587871040468	11.3430214776774	3.02285044535982	28.8475577918816	0.633115515532813	2.38682453508838	3.68616226240089	2.16391830427707	0.0137167065165897	0.0202133812726019	0.371972349705875	0.917974715723934	0.273340616776486	0.0125156828546134	1.24295351375907	0.00221849017785493	2.06803989269278	6.89529730199367	0.0656390103492189	9.25370611077705	0.0881534935637974	0.00544683503868156	0.00743019323341548	0.000945256439590819	1.87185641729996	0.499343073580333	14.2654120697466	0.0440739949508521	0.763739066396132	0.377663583252668	10.0435974557807	4.14475736731525	0.213496213761995	0.506595341883018	0.00113170395483696	0.00500218900618529	0.156643342488263	0.483074448569282	0.0106308675716362	0.16671957980032	-0.117183918613251	0.002585864190514	0.0797914156557165	0.283834940680803	0.0255140936723671	0.146381888565152	3.4592476841181	0.034943946466135	0.034451560157704	125.73120833342	121.614921278727	96.1567801332453
ES	0.0533168478860785	0.00254851777910017	1.13790614720135	0.0141381221919063	-0.0330818430774708	2.70562165782652	0.0193722474006766	0.141746438808607	1.43750178572575	3.98114653092201e-05	0.765036453585867	7.39772648846899	0.193215924186576	0.00116722978122193	1283.88582243943	-0.00249789480894213	77.9252119629947	6.70198778225213	0.00381351467099727	0.18164373568746	0.420096107107613	0.353069946722902	1.5579775353641	0.0131659856061462	8.65600756850428	0.000964548122304996	0.0264601483787168	0.0315420490312145	0.223087984669968	0.00925448290741804	0.00629388015095196	-0.00386762899567307	0.0161143739336504	0.0428982470971032	1.90502225173889	0.00959229943912545	1.01168646292189	58.0382994570263	0.284976684022139	0.269509437374899	0.123478291308889	0.0373076550315547	0.311360471988614	0.151435368080165	0.00096040982902034	0.000684498127891563	0.0297340228094402	-0.00565730639769488	0.000323136429778354	-3.55176883789748	0.0143724233196655	-0.000623386386604484	-4.43903086566668	0.491818440628331	0.0165663532095686	7.74425298159841	101.082622251651	-0.231493859052313	-0.657085323634713	1556.52364591556	1456.05401573779	1453.52618015058
FI	0.0184432363840743	0.015972271649623	1.35751011699515	0.0505475663720318	0.234173668527137	3.29193345692558	0.102506113433421	17.9528427019262	0.772583439665049	0.00035059889375815	3.48329847392193	30.5790979981013	9.48438643020718	8.02096660422993	1.32537011902118	160.063573381408	8.82281200040807	8.0770187312814	0.0359108743919076	0.0751082456824068	0.433957857571786	1.57519716956607	1.0197202460921	0.0642775548507949	1.63902885484583	0.0160249789575549	6.97141831738278	10.2642359224976	0.151472223205549	7.2326360026653	0.251123795126856	0.0131761081341186	0.0368239056620092	0.000254199507066277	6.15957048065663	3.41037093825973	30.8045489163248	0.133853259118771	1.76788858589008	0.506994794658861	40.549732944603	19.7510662364783	0.275243478122564	1.14360133650928	0.0224950438125606	0.0172211361742131	0.406722250988849	1.53197180227934	0.0510499455136292	0.556638465616135	0.415653081268006	0.00774214120253586	0.093307763411054	1.24662558963804	0.161292733540341	0.0743307443596707	20.7701547780163	0.187882502215644	0.101009096481573	413.580721210631	389.966084314881	316.602249181989
FR	0.104788592133623	0.000739112271019288	4.30351252452468	0.00729992749788853	0.342933786434709	46.4401187280604	0.0586794018177081	0.738142443480759	38.0005292553938	-0.000166094511237596	5.1204669164195	97.6100677008959	3.60682380755917	0.0223342061048696	327.689127049265	0.00511262262586137	2979.71829174828	62.2843447755442	-0.000214281424864621	0.341731880707718	1.40809042985105	1.72875542295024	14.5572471829731	0.0142735428394053	70.6285559298024	0.00101988954923636	0.298901945884268	0.32256938226323	3.51661845725754	0.105069300520026	0.0524734198883187	0.0283242715023458	0.0390615880231302	0.154061118069057	26.7439851077413	0.0599893418579419	8.21055640073383	15.4878049759727	1.15818646139727	1.30376567954631	0.515749215357726	0.440392197602755	1.05827386137242	0.658067006767142	0.000792602926418654	0.00223543669012755	0.14599319191096	0.050294994462382	0.00363408851740694	-8.9122130192285	0.0537929144754901	-0.000835545067418594	1.14088101973524	-7.89668233224561	0.0148654819362834	11.1521733405269	92.6203228068606	-0.865411672120759	-0.664818343722619	3801.73148119846	3715.08940654731	3671.97058807272
GB	0.0211298163452579	0.000186365417293341	0.794399585236481	0.00482658896646103	0.178600804410652	14.44458236975	0.0183869695390628	0.228643511456317	0.569630155491113	-0.000395285602975372	0.869144861233187	28.5923461284054	4.06912125812834	0.0829109336374582	7.29648763692922	0.0657281087002347	86.9735117726881	883.444530192674	0.000201857828293395	0.0287627990315628	0.236839342644914	0.340279537723048	86.9597237343946	0.059629362886672	1.21655933083976	0.0012099902882331	0.107386753609352	0.338540537746354	0.490164606342686	0.137105339537423	0.0129199715868153	0.0135509270815796	0.010850124708318	0.002202203850998	20.349554083196	0.516112954950756	3.02959661043205	0.761681449343544	0.30373577984692	0.303099854840753	0.248029270280258	1.02408259561652	0.143775328510361	0.176608744130808	0.000451396934300301	0.00171983175749661	0.136728660805703	0.0492337613011912	0.00334524728406319	-4.90245490949259	0.402084581097453	0.000265522260515649	0.183772325267391	-0.884698772873554	0.0132804607456348	0.157667102103684	32.5035034099252	-0.830317176956756	0.00878065406309647	1171.30933695888	1144.65745376274	1141.95312721186
GE	0.0413935312664686	11.7720589082551	0.0659314910259582	47.7238400425049	0.0478929387939682	0.00590618652662497	0.231136894027062	0.36880721998456	0.0263984389938541	0.131708125760239	0.0535407466945728	0.247928707409989	0.0566671192837184	0.00901397983508329	0.127605132469103	0.00859290824833332	0.0616182461334268	0.0621023571183539	151.820936110897	0.213902187864395	0.0249534454895624	0.100139904390125	0.0117348571575521	0.000309216947843777	0.300294518705196	0.00431304441413539	3.52825378369358	0.0510955306541457	0.000318102863760417	0.0174072050588333	0.126891593782739	0.00816378650741664	0.0276691248033541	0.00180686133367708	0.0226228216250937	0.00668960370245835	0.710715300757915	0.00683079182801035	0.88353095699584	0.214628356252739	29.4634802571382	0.0237630935884061	0.00924408506849993	0.0779233618795103	0.00299163695217702	0.902900228692192	103.388124809558	0.34618678729101	0.237570669151393	0.00732281461961468	0.00323151509961468	-0.0345584143016243	0.240892215168031	0.0054601632182293	14.0788438786457	0.498450720688528	9.75021100788696	0.0238700079266457	0.295027666854462	378.446286585182	353.577535009377	3.49308147430342
GL	0.000185536666117179	0.00037387949101373	0.0132088836342442	0.00152930783215489	0.00674244327884174	0.145699968942214	0.000296298368439094	0.0019420746134056	0.0381056341391273	1.44916497543393e-05	0.0057761268555491	0.468244459320603	0.0225218587022815	0.00080997067427751	0.229249319382535	0.0494402769354827	0.388643180190651	0.810120545129812	0.00110643550284581	0.00182107362394608	0.000990489646447939	0.000836175587768145	0.189771923959029	0.129476606973254	0.0710286499835884	0.00019214891945795	0.0937138279333061	0.000803963857529476	0.00854963045267272	0.000561499380478226	6.1662750654355e-05	5.50329552549904e-05	0.000226434726660375	0.000759941941682936	0.165841346021651	0.0356880205259778	0.0142462110972448	0.0499166015485451	0.0010846165840113	0.000939258391792548	0.266620138169159	0.0444839932370129	0.000366737233294523	0.000826317972735789	6.20200994343608e-05	0.000151927880248188	0.00419022752902033	0.00195012068263145	0.000248911343959602	0.0422215826176308	0.00374724896156554	2.60903204124512e-05	0.0115870652672663	0.0121963011214756	0.00498540343802902	0.070413892750755	154.742779704774	0.00861123476110911	0.0415000535528313	158.207544779883	3.2694762023178	2.68492406226703
GR	11.5931321683488	0.0435830354392317	1.40550250797043	0.176209037977175	0.765050526354558	0.123541072848078	17.0990627432527	0.601069719008446	0.547885341332552	0.102993061571186	1.32043060384597	3.10253504254988	0.222420131117774	0.0122990800003014	4.66924014285384	0.0149647342500252	2.43789402580631	0.361735603078968	0.223417956299161	189.786985888383	1.41975455788634	2.65089835426725	0.038421943662859	0.00214976927238189	14.9771763295118	0.0049837969830345	2.16836418673528	0.104293660729197	0.016238930938021	0.0272393498796455	1.41185586619699	0.25446745865198	7.21717657719043	0.0945530983596192	0.189964574798371	0.0360364278265985	2.63709851971669	0.255951107384733	10.7716613302673	14.8346796684205	5.55519371081335	0.0903196874177836	0.368155764467593	1.0000303410475	0.00426264187314864	0.100684579318767	22.3355397889407	0.912455893926458	0.0807948935855945	0.0705252000454759	0.0173495924645828	-0.00841871569528053	-0.895521857774338	0.0722410550832779	0.690858762838767	12.704648235098	19.022072459576	0.00249363665361041	-0.50440015899784	355.342203441651	324.170355232358	253.881607629977
HR	1.27557775495967	0.00329349859493589	11.0584649735249	0.0216186587700116	8.87034302952646	0.316251361056392	0.678674940186716	0.940865303386733	1.12113260561924	0.00247221135575488	5.69361119273325	11.8686539857349	0.344159199367363	0.00996880658936399	9.03850434667482	0.00896697987199297	4.91215354782325	0.467105813602659	0.0184510382203155	0.75572622929687	89.3599976791608	16.1743076098465	0.0636495930814808	0.00200924989031579	59.5175541998254	0.000949984155187052	0.414481692968866	0.0628351580114652	0.0366524363921878	0.0176018903784917	0.251815988583375	0.369301783335576	0.384157102826599	0.0595889796881365	0.739555096178758	0.0345992789971748	4.31354416976165	0.421974047849173	5.95242548144742	14.2742183273875	1.28247364250425	0.0806442195132284	10.3133520652943	3.03175957683263	0.00050689497638853	0.00733775336379868	0.469637579810364	0.35812699979763	0.00882453137473307	0.115933648796675	-0.00168653981475279	0.00682263095727119	0.875253498725854	0.038789116433333	0.0256651508491632	2.24188092392106	7.90746390381845	0.0610968229893622	0.204722739597147	276.885820386403	265.409878490129	145.940158111919
HU	1.20059452429733	0.00893705420417486	25.4028696735406	0.051574665597146	4.59673559547081	0.494702145997432	1.30726096196658	1.94492233741896	1.52349692095107	0.00489846324502726	12.1458871995625	22.2576750949633	0.603700728242645	0.0262158520435221	7.8552289158566	0.00975787851611413	5.538951807799	1.02144471899296	0.030970980850396	1.05011190429881	36.4563864391187	141.401266420911	0.168709459715375	0.00625461769391156	31.8899858748122	0.00187628748157757	1.20094241470058	0.162636300116503	0.065140827498478	0.0502618112366276	0.701207456462272	0.307856280046887	0.836505436969671	0.0158489613645962	1.29710304847729	0.0583434722163947	11.7104239829838	0.345904498299087	31.6613085293692	34.3726423295181	2.74012839209156	0.225645743600939	7.95335759516489	17.3793072451874	0.00122440416787212	0.0266630952389058	0.971342214349203	-0.240564757414394	0.0258126009460337	0.105659114551872	-0.00102509695778771	0.000948339907019514	0.459810512815386	-0.00237442773234443	0.0555270244903304	1.73597013206169	8.37408571536384	0.0510671970062273	0.0378730429714332	419.686999960617	408.86945840614	322.045605643763
IE	0.00401750684621058	-0.0001765195535625	0.205962576493263	0.000736715087710149	0.0169250493391676	0.999917632845442	0.000598996459707772	0.0222870811538629	0.0765744991155114	4.2386994375e-06	0.105094522661412	2.27490126118294	0.389466849801966	0.00998529189184559	0.933694622379769	0.00427229981994681	11.0825902332718	42.6206991649543	0.000467914396177083	0.00637704960538889	0.0434675899911621	0.0393527132140745	330.538193821	-0.0267865352329867	0.261217387937132	0.000318082529278713	0.0270815637997751	0.0514030313043275	0.0426335322366523	0.0202306733329027	0.00458178100854391	0.00186508691443595	0.00151576578973803	0.000565038700096554	1.03057060208113	0.0138884661717059	0.470018068579447	0.142192697954021	0.0523543499839407	0.0497722909422156	0.030976687426455	0.117892691169916	0.0373467754938849	0.0239577857534404	0.000279695086219738	0.000365799885508867	0.0227471085680011	0.00483278527051229	0.000497242894679621	-3.56068863114546	-0.00766682295064468	5.99738721379543e-05	0.0124888840083938	-0.479055452782067	0.00067811862706728	0.0414032300765438	11.9812291638013	-1.03677624563119	-0.0132049378086638	398.696196846306	391.757729566238	391.461493908808
IS	0.000217610257140314	9.39556180975795e-05	0.0121327786505236	0.000528983521411744	0.000871795614506313	0.0798477424907656	0.000284484852061575	0.00459219535692349	0.0174133641288155	1.24206887438263e-05	0.0233101162635729	0.817449702715233	0.269398106144344	0.00276026982415025	0.736680414627306	0.0156105894250889	1.31319195488257	2.10404582437903	0.000219506269568151	0.00183851745152637	0.0014384757819309	0.00454028129278235	0.92512585339926	14.4816892025674	0.0383119046797046	5.28514496823944e-05	0.00443855225521446	0.00317065927533749	0.00657915426169393	0.00176632705735065	0.000231360835357996	1.79896013127421e-05	0.00023192807135405	0.000274744401185834	0.231027304809487	0.115955246840662	0.0681190091537978	0.126105981927906	0.00594093485176102	0.000910116994566715	0.0193039195816174	0.0642386098006868	0.0013064216625107	0.00217781842296129	4.05345012563862e-05	7.06914625358037e-05	0.0010503873353505	0.00544516470278992	0.000141482446458333	0.255884452220711	0.0354122602634411	1.3013744222993e-05	0.0133402129552428	0.157243426617314	0.000694253994159447	0.00744902594476555	16.5672983432895	0.0501302177880916	0.0126166709831481	38.6102851203859	21.5102032425853	6.85524792739135
IT	2.15003251354794	0.00802176088612432	15.2610649988969	0.0346791869142253	2.36498764117151	0.901281097088457	1.0544923628546	1.65384474589784	18.5598868047498	0.00633551971483313	5.38654847435858	18.4690986497569	0.419484316451604	0.0134141056393058	67.8497187111143	0.0124266220722096	48.1057990007882	1.3945999568681	0.0451243807454372	3.29424698864809	13.2163084175809	8.01236058324105	0.204904420618251	0.00586394474638975	1913.49552659072	0.00474381998689654	0.669909408664395	0.18992984413322	0.0927147835002341	0.0533728698538385	0.296389211643847	0.34666128309526	0.628756378387778	0.51007054786102	1.04466441335552	0.0378455355964395	5.68247140219108	2.964926772394	6.13830520437502	9.49167986812244	1.97599613572257	0.0810008090857697	11.8700740051524	2.16272031077843	0.00274644134244986	0.00880852682268566	1.81394245833208	0.297527979337637	0.0109440385620563	0.629425155309265	-0.0139552757183706	0.0232219849373911	-7.92942126273796	0.113526930568443	0.0666612836960982	18.030271680564	48.4337517173694	0.0401722902372354	-1.65790670231944	2226.03200164527	2168.29625384337	2114.67155336151
KG	0.00819968314293961	0.273122368864622	0.00634373440255981	1.00279447972854	0.0102433840982342	0.0011763811859015	0.0182269725630888	0.0926345748614325	0.00747362217040234	0.00695466984534258	0.00750573137090384	0.0368658598850588	0.00331666132300103	0.00494943348180584	0.0317660373563982	0.00344598279476105	0.0238152424000786	0.00111580340677679	0.285330645633299	0.0129526697187466	0.0055675547247235	0.0121894463516031	0.00039096756800255	0.000264487013271676	0.100746651204723	135.543793012781	69.5271011537425	0.0123776622306832	0.000297031846247979	0.00624460528547831	0.0101347761855149	0.00180670676966135	0.00745262596083336	0.000210796204885437	0.00237637601604673	0.00104296127910961	0.0461314163036211	0.00129688914827604	0.0689656548928538	0.031878187528652	5.98925729732911	0.00293499248469049	0.00288886417533898	0.00556722608022769	30.0043985602301	1.55369927305647	2.04195802855186	0.227820441168075	94.1651057826177	0.000365357490374671	0.00214764613630122	0.00473101580221368	0.00681284325561219	-0.00056491717100812	26.3307712695132	0.0333090891834511	26.2652301733893	0.00160026298941379	0.0721460156766044	393.928682123231	341.212133366965	0.421053759527102
KZT	0.530494640566341	9.08610686536507	2.28149595347861	44.4168503560934	0.751616434716642	0.68679989240657	1.8027205246644	12.7633696201579	0.753911468024998	0.146442675137173	1.790788631594	10.7802312213994	0.929289284954304	0.404919188347962	4.41802103145384	0.589485420009081	6.31026268854571	0.752166029521392	12.3216605309267	1.98001541235929	1.04314138988433	2.05182568702058	0.0966836876393038	0.0152475966774971	9.5101769267841	56.4598159761789	3055.79728416355	1.73315085131681	0.0860340150397779	0.62449335910984	1.70315414740792	0.10059430301938	0.344758388813108	0.00425769743475251	1.23991038324884	0.186346091950315	11.5670364241002	0.26177775092801	9.35475953147934	2.83034621725884	676.115174945994	0.726532613470675	0.486859885737485	1.25799773514654	16.9725919063219	39.2657529519769	64.0091732234844	0.146859160830826	100.824313504211	0.0430627631875724	0.103132330731776	0.0888143852296739	0.526995081084193	0.0551677753887817	195.666590328988	1.69106347981363	126.673447015807	0.0780783141537636	0.384537859646886	4493.62358771977	4168.31269838574	71.874134502328
LT	0.0383773610447836	0.00430325793065867	1.54238040184237	0.0238593905974985	0.482927214505088	1.33713181009018	0.12451341274434	45.080796449307	0.808977559402184	0.000665690735610923	3.5823723950845	21.9594440008009	5.00933008639732	0.508466748276914	1.37478821932621	0.423495089469469	6.2932927142744	2.94149273245388	0.0181873690056493	0.0600169851819548	1.16784714409249	2.58078330237239	0.512397794213748	0.0186268013980266	2.34445345233552	0.0036164961338065	2.13842173216665	102.599597412062	0.104407740395178	7.81787000298535	0.426984066860617	0.0311281577649361	0.0404239133943417	0.000745461708160787	2.68244042656118	0.547878919128009	59.5025618002709	0.106541836500904	3.16792714578152	1.73661196230028	13.4410927418981	4.14301862568572	0.477331050003023	1.35067238191494	0.00171203958618594	0.0142719378325163	0.332238182632822	0.328907269920577	0.0161562120785715	0.251451856443766	-0.351403914077506	0.0040227078554479	0.139036251642392	0.351540300219424	0.0458840744743256	0.058527395675291	5.27865279214175	0.0652749473360709	0.0634408936835409	305.157912203844	299.251484898449	232.548138719468
LU	0.000656601581333333	-1.60635768333333e-05	0.0815043255840833	6.82363908333333e-05	0.00377148492183333	3.97564449092692	0.00025907865825	0.00603006033683333	0.160029003003167	-1.60635768333333e-05	0.058286662996	4.14886777929492	0.0196823723405	0.000490304325416667	0.71539148511825	0.000216684658166667	13.0413503063292	0.51237209846625	-1.60635768333333e-05	0.000226620308333333	0.0115232007568333	0.01651048316075	0.095557978176	0.0003819649025	0.166917839135167	1.60635768333333e-05	0.00361235697891667	0.00405434297275	3.88317615601867	0.00152759685283333	0.00028109580175	0.00012372299675	0.000124234452083333	0.000284246945083333	0.577026738893667	0.00169049764525	0.0681651630030833	0.0501927447099167	0.01070709143975	0.01854223600175	0.00668905637275	0.00265313812658333	0.010238025032	0.00467982270058333	1.30867935e-05	1.30867935e-05	0.000948499020916667	0.00156548133891667	0.000127211235416667	0.00857606436375	0.00141053076183333	-1.60635768333333e-05	0.02982329143925	-0.0531982185429167	0.000326983852833333	0.0326937669141667	0.446360087758333	0.00662808662216667	0.001216840774	28.1359639367109	27.6621425663443	27.4459675125963
LV	0.0175419819905417	0.00582470586675	1.07985917590742	0.0237270544481042	0.0650557982851875	1.32766642841065	0.0813892763673125	32.6583531333894	0.593798461992	0.000292547688125	2.38517086945975	17.9136446553636	4.63757193847779	2.82511321073721	1.20112330167131	1.10699427850777	5.56202352009494	2.57072612171242	0.0229799397050417	0.0322798455415417	0.561908554367625	1.50851467972721	0.388412482679104	0.0147657141861042	1.74614228891485	0.002861464371	3.09924041232973	30.9567892783092	0.100756745087208	51.8257126833135	0.256362064923375	0.0100113894851042	0.0218169614924167	0.000477908440416666	2.61437785115629	0.648643563121062	28.4766014693069	0.102432113990271	1.83975749853725	0.6825830993835	11.524374250122	5.23854862412198	0.271822292531146	0.75501653227575	0.00112341324152083	0.0126645245385417	0.233252818298708	0.181903517798875	0.0156676727946458	0.243228923667229	-0.241252229295208	0.00334629746233333	0.06443729829925	0.387046405733375	0.0374278567537292	0.0709194873083958	4.9763320547046	0.0526938728911042	0.0408460171261667	222.838704099113	217.203678114462	166.549217618331
MD	0.341857366663271	0.0119575885047917	0.267152887095521	0.0651555651816042	0.110895844946354	0.0523847246240625	1.95739917201675	1.61738143670601	0.0825288355299062	0.0051361425020625	0.500860970237135	1.93123078235922	0.197212176451615	0.0193891628596354	1.10657037473225	0.020569482461875	0.547574237292083	0.272109028398958	0.119428298051531	1.49027257086474	0.53626940165001	1.0553973080875	0.0438286493072396	0.0028483407116875	1.66270354938106	0.00280493069495833	2.50908465396003	0.242980837333104	0.00744821595789583	0.0770798349890313	28.5737791054306	0.0499184515720625	0.244733096366052	0.00199689830888542	0.151106819685625	0.0382379001708125	3.12759020462521	0.0615292292732292	29.9866011253507	2.21839044549377	5.9699107077523	0.123253205302812	0.0948775984945625	0.362384510936083	0.00196445269345833	0.0459070695957812	3.90511519827016	0.741171598422417	0.0470829903484896	0.0192311073882188	-0.0109604419184479	-0.0730421031585937	0.143671873577052	0.0179736064489896	0.109710607842969	0.379197707289229	2.35705167134849	0.0120222575223854	0.0914673435246146	95.6493866075098	92.6030629776449	45.3666396989289
ME	4.99745272641213	0.00200547278040736	0.483744794172912	0.00677466968707028	1.72024337270609	0.0481012971327455	0.222211449854511	0.0486299570378491	0.266711266360975	0.000774920076790216	0.344247820045541	1.11585185504264	0.0443623961434683	0.000764485822079321	1.19597253958898	0.00206028458257753	0.640104638092232	0.113477657678872	0.0071112041968108	0.454964536020999	0.757996363158604	0.837176179911389	0.0111072093088936	0.000357719368407531	7.35003998147552	-1.464744509375e-05	0.0417051371320737	0.00587386107666019	0.00568722733223985	0.00174268101081344	0.028807160411107	7.05611982098958	0.25242134955585	0.0236279067041311	0.0721083381880808	0.00913399132296783	0.424110039167555	0.0872224707204515	0.568708217653362	7.80970175745821	0.218815432454534	0.0149469449748734	0.145173694652852	0.214168748005884	-1.55827224583333e-05	0.00114598952170048	0.155746361455707	0.0937182173781038	0.00100232031919536	0.0140819756491812	0.00397162041484624	0.00196365471832608	0.25050517212161	0.0182426547673724	0.0051655588398511	0.606384395391478	2.17994908228726	0.0121821314622429	0.0194883091756618	41.0158367888047	37.9039022339769	14.4283321744371
MK	7.84081184856775	0.00556286149765625	0.457554874085708	0.0334287284872708	0.203206490180854	0.03980990909925	1.3374323857249	0.0558222395247396	0.143853443537562	0.00178420086404167	0.432098599485458	1.03445728979398	0.0405874815139688	0.00201599136579167	0.723969776731312	0.00374252970047917	0.424839101627031	0.0913784811644271	0.0289105655517812	14.2473259528943	0.525975106776792	1.08119862534522	0.0102554455282604	0.00039517035434375	3.06935849678819	0.00027695136821875	0.26241177035951	0.0160036826389167	0.00503609910420833	0.00397264866991667	0.151000399374271	0.0741990013288646	26.5830273211657	0.00330605970596875	0.0689423786881042	0.00715173552473958	0.591070441855167	0.0453470926355833	2.02152358641875	17.4319681710523	0.670275612338917	0.0177635103616042	0.0757358690526771	0.275186640413625	0.0001905541388125	0.00510028763763542	0.968747670098614	0.0908520124320417	0.00392417469284375	0.00826567187467708	0.00269478249572917	0.00116803648798958	0.0589473853584167	0.0184957370001667	0.0171119671233854	0.603462318843896	2.7616759433354	0.006014846749625	-0.0920291736054375	84.5945967829119	81.2087892672481	26.1216971512568
MT	0.00299588263670052	9.8021455703125e-06	0.00466904242736719	3.040205165625e-05	-0.00515325566014323	0.000893915626044271	0.000454256444953125	0.000466773593869792	0.00264710569355729	6.31351594791667e-06	0.00265061744615885	0.00909002050675781	0.00059560777825	9.24902615625e-06	0.0773813616221849	5.531194140625e-07	0.0513198705647161	0.00233667620551563	1.0355264984375e-05	0.00362626460548438	0.00402561692009375	0.0029890665950625	0.000478977646351563	-2.27176691145833e-06	0.138555917921698		0.000105662458244792	6.85636843645833e-05	0.000140726622234375	1.83874284296875e-05	0.000279402725322917	4.00104202057292e-05	0.000323055779033854	0.705696800890456	0.000900229141992188	8.13526747708333e-05	0.00181659632757813	0.00244026067386979	0.00237911674428125	0.00363601615733073	0.000570124512065104	0.000115302645304687	0.00162870924679688	0.000809153127023437		2.21247765625e-07	0.00117221137163542	-0.000162156577893229	3.04613409114583e-06	0.000400804852533854	6.70662846328125e-05	-4.02121518541667e-05	-0.0985815023516823	0.000620707838158854	2.65815503854167e-05	0.117063036492547	0.100047787095891	-0.00425826699793229	-0.0104912532045833	1.12700566477444	1.02215091536634	1.01107155758439
NL	0.0082971358373152	-0.000177534465543821	0.80061474468548	-0.00012855489806274	-0.130064073888222	52.2647813234872	0.00479880997253015	0.0708088938111193	0.746104324187979	-3.49690209282801e-05	0.697948383715978	74.2162779611058	0.840018617279847	0.0147502949774473	3.134353114503	0.00965577800430951	48.7774975436542	22.3697975510238	-0.000796328748768989	0.0075809789679222	0.192946311159113	0.277976521374168	2.77764558786548	-0.00136670168253231	0.841548232419191	0.000624240738140445	0.0521989924760928	0.133688114758515	0.636732248004824	0.0550026387130669	0.00779583727785466	-0.00713245234840572	0.00328940814864088	0.00196356745776066	275.687844129189	-0.00675637810302765	1.33796998403887	0.220026963019783	0.164129349158836	0.0765760841580588	0.0654373328137424	0.110480579192282	0.107089545130097	0.104467665795922	0.00020470095234363	0.00120979079951037	0.0169685809166215	-0.0304286460586851	0.00177376541500307	-0.172661937573111	-0.203452104397215	0.000116255259760297	0.044769794315745	-2.16697229770014	0.00588603138708224	0.227383023661813	3.78748916318708	-0.0226825400242893	-0.000186129570296442	488.161679245519	486.661989986973	485.594605258475
NO	0.00805548274915506	0.00394124387795321	0.952723355778286	0.0204279934202091	0.107308833664183	3.84048742473062	0.045985052618756	2.14458034776823	0.305257545405098	0.00014932757120299	1.88211569937924	32.3976243190943	18.4912575358233	0.296573762200799	1.74446964631658	2.6020961336933	15.2366919216292	26.6477532027743	0.00775244739079467	0.0302754515208145	0.239582744291155	0.512133463150997	4.7472339909449	0.303258159685327	1.0342736635158	0.0128172581702574	0.957478972006482	1.56911482693386	0.302613038368659	0.605087636171965	0.0199997893887898	0.00417205230977856	0.0193245907637148	0.000994174009786664	9.0047817654432	102.909385192174	9.46053424240005	0.183450321560959	0.272371305328794	0.218231855192708	2.90725682140844	12.106979519827	0.146956877968461	0.31450973583803	0.00930555937041839	0.00803004660684655	0.0669366690536832	0.0625719307274803	0.0272804286188158	1.09661801931159	0.43682391825593	0.00140950967007644	0.0746620838590736	0.98320431356926	0.0825251654946074	0.0520444240111613	34.9995730019444	0.091594966545114	0.0513958864678723	292.662044647766	254.792193358636	144.429237394593
PL	0.498905190788539	0.0124472028388498	28.3783410107245	0.0687765672994825	3.0434327528538	8.25517466492726	1.51928653636666	45.4494813863372	9.22489119890967	0.00310051910047814	75.9878560551553	273.038541196122	28.4630828750965	0.552570240136756	13.1505377710514	0.655328904532272	49.9773381472267	16.2416937952971	0.0412726101614716	0.689100136048133	14.0563017725892	34.1430498852582	2.72884028766063	0.12102629465548	31.2288192058625	0.0165003935199908	4.0802412447024	12.8635143086416	0.927165428251034	2.61194393805561	2.02952611770329	0.210980444668258	0.363990709936305	0.00688559650656889	18.1564062083261	1.94120950419059	991.761844260592	0.76180019057096	29.5913382015891	17.4086763113638	16.6613478286631	8.52969674341658	7.37730598246562	26.4757060424995	0.0103041186036154	0.0490911975368018	1.521924803354	1.84542035910367	0.0676620604823372	1.13682556904696	-0.445983751962454	0.0281509153458981	1.36927568135128	1.67446210741199	0.196870705625172	0.571608838227789	27.2121933385243	0.39510028434503	0.356397769973839	1815.29457965963	1782.79967820174	1664.07626813148
PT	0.00452358096096262	0.000288789119886487	0.169145189363639	0.00109239832933027	0.0112419950319366	0.190046069547001	0.00241313161137928	0.00835854208925564	0.112245858899249	0.000163029187365654	0.0980552386834479	0.619271196381544	0.0289860505101341	0.000343183353589612	46.4655715051118	-6.98059205520833e-05	3.88343506376694	0.715355373886114	0.000239000122740654	0.0145704296153047	0.0696630599758159	0.039496281261071	0.155234736549961	0.00341236737183854	0.643202607984998	0.000237865905678154	0.00102169212681357	0.00170141352339491	0.0168782330361651	0.000614528486996933	0.000308699491527112	-0.000231994383066638	0.0013627123266397	0.000211694035761487	0.115635610153412	0.00279424777314583	0.0789208013079273	110.809250988095	0.0202465439763538	0.0365977307841948	0.00492632843058348	0.0048200966929303	0.0375358905182393	0.0164615376059485	0.000160455284844821	0.000187328394740654	0.00121053719251134	0.000614858317852951	-2.17865028072917e-05	-0.00693707156700895	0.0018034765851469	5.6890286537529e-05	-0.0420840258173906	0.0677475692678086	0.000961998809564641	0.257548359252869	23.8216835295253	-0.0400607869450629	-0.0901932539177802	188.358257570849	164.38773088537	164.127496618326
RO	5.32946052714567	0.0471205870747042	7.52346244679449	0.348107893293257	4.17863887350343	0.636307649833643	23.1410410669481	4.64204365577325	1.12526368248663	0.0420707077656952	8.6005499700444	21.0464754266649	1.11109463131853	0.0896368183344769	12.3939920086588	0.132142895609583	5.298464429507	2.13771940651645	0.364699012225132	12.0690301617754	9.83442308772757	35.7873735847545	0.255750186551904	0.0197595635147219	25.3324070288158	0.026438512714761	11.9028940801521	0.979107120533266	0.0969730146286966	0.261004738242493	18.7076322126175	0.830132979896491	3.92727233816275	0.023682857634355	1.76104004899975	0.162676761166178	19.122951643892	0.77000189152187	582.428540278625	55.7922105711521	24.6867918142221	0.552297537935617	1.3490640242839	7.94209403966697	0.0171670313103151	0.209887057566556	21.2168944867581	2.30172350027781	0.223820104804839	0.200519196459607	-0.0014352111455889	-0.0955128699727014	1.47065457900582	0.116601770061437	0.524348661337322	3.60348133334156	22.4939502288796	0.117664290191155	0.405243614098951	965.614849541661	936.779333949403	770.884275615857
RS	11.1923916384922	0.0147082843367652	5.14251477978511	0.0952100323797392	7.74168253602197	0.321232328308361	3.54922563765628	0.711315400323662	0.668900454403306	0.00182211623168334	4.77801889986921	11.0654648683982	0.380543310850466	0.0134147418515159	4.56328050124028	0.0126014281483308	2.217201708713	0.677621664771339	0.0803186114428344	5.11755104756255	18.1035355237303	21.3638067363146	0.0848423120979364	0.00302728644763059	17.7471534287436	0.00135934109628921	1.00182368713039	0.0771092969278055	0.0414682046695009	0.0245389262275629	0.758391143131224	1.78711344999521	6.79179342811515	0.0163222367941474	0.753606857526526	0.0502668493534813	4.77800613996481	0.292564644812966	25.2680284557132	246.302499141794	3.29280447630944	0.18026468806897	1.09002751456751	3.38672923560183	0.000909096091316279	0.0223303430737676	1.35740066054097	0.1488976444096	0.0187099489213284	0.0370401276683527	-0.0102508117265424	-0.0124764769307409	0.15660921900179	0.0424728128661762	0.0376659353324965	1.62534918218915	8.3605781417388	0.0242310502680601	-0.322986310592523	423.028583558773	413.090350688957	112.944961711417
RUE	3.02864684675218	16.8303188044241	16.3895886244233	102.981752582697	7.53270510578422	8.79234885901474	15.335245500439	308.067790176137	7.56868087535571	0.571418446855622	19.7848899130604	117.57444720961	24.2588672566993	21.701181713358	26.0157252920778	44.2751349347933	47.4848418125708	20.4995081286236	71.973812411466	14.2769044461708	11.5827614323092	24.644097259692	2.45849561702005	0.393143093954719	54.8455591984666	4.51579848980975	2494.45301685105	50.4726659842441	0.655146564651244	33.0009198133741	16.7796326143282	0.81073810942362	2.53348131691609	0.0376259673052771	18.0818618618223	6.04773735199113	171.980172814001	1.53643223027775	86.6613872566766	25.6154571694864	8737.33034051155	27.7073068200372	4.5152684252019	12.4405223320749	3.37490071197863	34.9984484496442	260.212585704166	60.0591790026868	33.4582422978319	2.01094976818762	2.69637651737457	0.652041301798495	4.27408710945698	3.9858438665593	117.592653596217	8.27656078197049	994.994811613372	1.13473504180132	8.94033136190099	14220.7051251509	13076.1467341923	865.997564282542
SE	0.0420148782085886	0.00787037486127007	2.91052799354606	0.0365765066209475	0.249471260523893	9.56908518790301	0.147109795420508	8.9175221545564	1.77520702822332	0.00031067788778094	6.14740165433798	109.644737157295	64.5342803482579	2.21358014977976	3.87163984200151	18.1845858455767	31.3144047087885	27.4646001266497	0.0137288467979447	0.0806143682650444	0.739605012297613	1.73413023481831	3.96336079887632	0.131946955257529	2.70156680296969	0.0271352060772027	2.51042931448347	5.38520074536058	0.704063855151186	2.72855006280227	0.174366157567574	0.0206516120854218	0.0731279483918167	0.00218741377533457	20.9371014636308	19.7052264172519	46.3259479395666	0.375908517928138	1.69549570311166	0.892668786894783	10.0196058091377	194.141975454748	0.464776926661192	1.16430780288771	0.0141708859925111	0.0173632108605175	0.152893997664782	0.4295880501531	0.0543234004266074	1.57652118402246	-0.994012566653843	0.00447169468484873	0.280751692902732	1.65566604793471	0.170129895503394	0.210604270065457	32.9737991789947	0.442864187090979	0.1097673495271	640.843508326405	604.412945392332	558.407451577997
SI	0.179445592634229	0.000768976912458333	13.3348142768276	0.00589204770989583	0.513907365054229	0.117355349903771	0.168152460560333	0.436966774139292	0.569376873006854	0.0002792155555625	2.28677099300356	5.63238026345586	0.0828505818981875	0.00209859955575	4.32318104035771	0.00270569339352083	2.39100468832396	0.150110878605542	0.00479926987583333	0.147750097014771	8.19284965102188	3.44042008168175	0.0251724836546875	0.000405273821354167	41.1816833596713	0.000539950248416667	0.171499332278062	0.03345525410225	0.0136314971825	0.00702528034108333	0.0752914191643125	0.0470715385236042	0.0776086269699583	0.0161947720481458	0.272674107282208	0.00884345658360417	1.97755162629746	0.174517195700917	1.8173412119685	1.57239872755108	0.415652372752729	0.018380290880125	42.4970646867193	0.966424512325833	0.0003797828328125	0.00253145416316667	0.117210863953708	0.182488058504646	0.00357672226460417	0.0485222469693542	-0.00131318661810417	0.001273940590125	0.14673745992075	0.010032477651	0.010109820180125	0.594766186247333	3.25435450949444	0.0225844262161875	0.0501862505530417	137.797748759483	133.660494628279	121.080990498312
SK	0.398866053236251	0.00503025153787074	13.4164628184721	0.0194256773789954	1.98006344042818	0.407423191983901	0.758530150464852	1.34279887987407	1.36279862951035	0.00150665564689967	15.7062836371448	16.9709083033034	0.589541295808278	0.0179248154070322	2.94309851402624	0.0180295001240272	3.77755277200722	0.845178148081845	0.0126630447369902	0.330936866946345	9.38804598441806	32.1241492008484	0.141721784042981	0.00928205094907293	13.7602513305299	0.00086977368715868	0.492652090367988	0.208947194424565	0.0603797626317329	0.0550017301892358	0.333753790862608	0.159957257573227	0.34201822210196	0.00627319274875749	0.934941492276198	0.0555590737527562	18.7145491644646	0.125233916399134	12.0072609076941	11.22171598636	1.30370560849839	0.231814938542768	3.566083057708	56.3330243844305	0.00045498916497118	0.0103286366017903	0.497838651631065	0.191583596734658	0.0105544327130095	0.091740996236105	0.0424472894561842	-0.00150927328107955	0.341140660729205	0.132142580995096	0.0309968523263548	0.40931854520788	4.56607003002492	0.0355050723172329	0.205309228155185	229.046136830634	223.192974848467	194.053008726348
TJ	0.00179389548161655	0.199805007370157	0.00150442972094857	0.576220371215597	0.00344741788599878	0.000166304572971938	0.00933801295893902	0.0394284629440268	0.00319742906993393	0.00487242076369846	0.0019454884959683	0.0130802820294236	0.00111557428028058	0.00113364868695325	0.00920929146314983	0.000792764959603131	0.00868644699114533	-0.00211687258920099	0.156297526410261	0.00542476420448268	0.00188607828445092	0.00451784124973181	-7.46036331802864e-05	-9.93801496489654e-05	0.0483254534777444	4.01079679923961	11.4234092724871	0.00396954671163843	-9.83938954950816e-05	0.00210307077940886	0.00293124600539218	0.000391978366642334	0.00121693720638468	-7.15721802094165e-05	0.00055891432154948	-0.000303801058565101	0.0173091470756067	-0.000138420886118539	0.027339775788204	0.0105725884638497	1.89797148156288	0.000634985281850293	0.00103718764790105	0.00194420155530653	128.249668715128	3.38451869159224	1.47197790666532	0.0733440246166049	31.9681622117291	-0.00230088904624872	0.000348051259170987	0.00311200946645167	-0.00131373428801394	-0.00155925707261501	40.3409614955195	0.0304889117638656	23.8412553496599	0.000668433972488374	-0.312858319397233	247.537946602187	183.639144550349	0.162509689832302
TMT	0.021908255188236	1.84915679371049	0.0455158143388377	9.80992670928645	0.0599931176771153	0.00856758127215436	0.190678550511612	0.463901956642406	0.0253985969085016	0.051453912742693	0.0478767530845497	0.184240729516732	0.0216132891877848	0.0253628962759777	0.185485576803904	0.0403282574529495	0.123996133431842	0.0178953866287888	2.1056433996736	0.10370148538226	0.0311506391843042	0.0762001303154724	0.00438299950468898	0.00102720806646472	0.217753186153022	1.09388969274201	73.6730816862668	0.0545307476172889	0.00127698820130827	0.0239139242175504	0.0547680053006377	0.00763624702210648	0.0194516803398726	0.000464080218550514	0.0169261152029558	0.0108842205654147	0.383345932637017	0.0114444991996888	0.490874704587507	0.164498203834278	21.5822132807885	0.0241314442424946	0.0139316815686056	0.0501032352548631	8.0598802938954	99.9624969987565	10.7556396513643	1.38291518533003	35.9185487520391	0.0141610393274435	0.0152888419254464	0.0588516351661896	0.092746275666783	0.0111286018890679	48.2915599205025	0.343810263289983	38.7561030010562	0.0139143088687395	0.341370555002199	357.408941052828	269.470006610134	2.4159960355511
TR	2.66010625036379	10.4345554425323	2.58461415360992	10.4293891613483	1.26434341846383	0.236455868583782	11.8164366361165	3.63197689843427	0.940497436534461	4.2566274690434	2.32367543293817	6.5877782156273	0.648748544894616	0.059727653521449	5.5412327207422	0.0956478830527447	3.15888659733602	1.16646896888271	11.6093172768524	22.075741065751	1.88424463777464	3.34329422226425	0.157261494703459	0.00285293358508848	13.4994808533603	0.00788566006573505	11.265181603307	0.623391952026003	0.0275464199889863	0.17795367698681	3.11982347711772	0.209019517607166	1.36424734551696	0.104895034077627	0.434427254896921	0.115080344138145	7.52568526020688	0.277390196580728	18.6797352310949	8.86006670735918	34.7525490632428	0.27311978897221	0.475980064395178	1.68298600256167	0.00487782056950425	0.613761457402671	2437.92695593517	-0.155003169931835	0.292848969775177	0.0444219027848885	0.0127134315291005	-1.0209172346552	-1.38313482490534	0.0887695674891819	157.340562397064	25.4245387826132	106.765062721051	-0.115962897828334	-9.53577834352877	2926.69004235106	2649.06976684945	107.835188662216
UA	3.47037736077276	0.450064320588163	9.98026847924939	2.72280878904614	6.94726758259185	1.75452110185547	19.7329703082677	102.497373561249	2.49658233371116	0.113675939529413	14.3858197116704	51.3515213804631	6.75343020131639	0.749493262097945	15.3533759329457	0.915390263230287	14.0850785055454	6.38354519799413	3.53816581323448	12.7374276332391	13.1025677645952	35.9709909397701	1.14518060546487	0.0679539933359227	37.0901434762021	0.0644626337685584	58.8969347096717	8.21356007455302	0.218729479019945	2.28967111922337	44.9787614467629	0.999221846723234	2.83053844314042	0.0345500777511461	4.31536693986837	0.956580894976264	131.946846054609	0.809733177161193	170.851884952567	34.6275152086915	189.439194588167	3.38252651118968	3.27683994243589	13.6490116142494	0.0472497201380392	1.306240044441	81.9337582372281	85.929109549262	1.34761241142558	0.661171567656638	0.440860868788732	0.215964946675019	3.5627654021911	1.15462061127864	2.80533956720429	5.54524194378641	44.1065150303252	0.33052480592767	2.15058513942947	1267.11548401825	1206.14189413499	567.49155288147
UZT	0.0226022953774957	1.57789677124374	0.0591551020774046	6.3577313884453	0.0376381690406631	0.0118972212869014	0.0959100412694295	0.51814414575485	0.033071876613236	0.0256541650649848	0.0567881644259131	0.263398400319949	0.0267002308076776	0.023447970946118	0.217626112333561	0.0320620842605656	0.161011174865352	0.0143872462449439	1.76172928559645	0.0703039187648211	0.0366972959752197	0.0901174492913175	0.00374170904900304	0.000906593103651181	0.371907921081753	17.9678342850114	115.510548073604	0.0567539112467043	0.00156436573074316	0.0236241966909839	0.0625910951428563	0.00488881418425423	0.0191039648992085	0.000277816872608662	0.023937297771091	0.00715412353553227	0.435635459764279	0.0122175459504166	0.45599039591374	0.127460707466803	23.4535448510894	0.027437893564476	0.019176876997329	0.0533673084291472	39.5236472925797	23.4504830843503	8.6161034434283	0.840166556653258	214.098685765312	0.00441981537188243	0.0138568871988241	0.0228129342120019	0.0338063421840056	0.0101988603057975	31.9519916607118	0.237694694801145	30.7962233209123	0.00744446721852604	0.150871167643077	519.892042009988	456.662721859429	2.63409198102121
ATL	0.0827325443443515	0.163209918029188	4.75329391175242	0.744484152468048	0.661105555965643	30.899553100088	0.131071655404641	9.57542365333005	5.09149249917634	0.00180346456310955	6.39133558811951	106.470470907536	19.7634699866776	2.29965098245143	230.545797508726	17.6050952648132	588.90094628251	446.077025048365	0.38250014848279	0.268924364229446	1.4002992535377	2.91027902146869	315.060756054916	28.0563732967377	12.0629591803528	0.219246752108019	35.5979166611698	4.42282610702429	1.65145380544154	2.58861508469503	0.279522474221889	0.0464139343834083	0.0705429818639113	0.0179341527963894	37.3486339401589	42.602299396141	25.9408919059235	47.0635349468468	3.21439107518664	1.72805932060869	132.061879786011	16.6742400501263	0.82637033025297	1.520840940256	0.110080886331821	0.312397684073977	1.59773576422882	2.10643974318764	0.600844411078033	-15.039937260825	2.05368275149466	0.0155126560386632	0.65310471699818	2.13563735073146	2.87734951734788	1.34854341466806	3532.46284890454	-2.15172759557395	0.448785140352134	5713.70696507393	2188.90316547816	1925.41216466068
BAS	0.0701003722849921	0.0156709497160576	8.69475101232441	0.0765915762637968	0.596789130935197	14.652933075535	0.320183249320211	32.762180948299	4.46079661511492	0.000682683915989113	17.8522952997827	262.436501754814	129.596737782935	15.4814872226675	7.77731378309005	43.6175565322449	49.1535890058928	26.1760655229896	0.0395738980016926	0.138403134031251	2.51417930568127	5.93862642286697	4.61875944617089	-0.0529710591030714	7.96361150817694	0.0439368571275453	6.94659057143684	29.1562257294532	1.02415362664981	21.8715051496576	0.627173281135165	0.0426657494208633	0.104678886264214	0.0034677427704566	33.8228491353362	7.07265413742884	160.652603298896	0.526043360890288	4.77559058688938	2.47805162118959	38.6233484513977	86.6638648474165	1.53151792631404	4.05911193115735	0.0211402567924675	0.0325786304595233	0.400333348516842	1.72763136144388	0.087339416524035	0.639157585242802	-7.56923928230395	0.0150327534962259	0.422953772086181	-4.52740617912097	0.294356506181434	0.48984730004945	30.3654390007518	-1.01629231047643	0.106385636824389	1056.41769986125	1037.19746507852	938.506430772189
BLS	1.86658417097459	2.43288612467756	3.36308568787231	7.76143858045024	1.5934595396555	0.480711948077698	27.2562597526083	15.513922259814	0.753378155005562	0.520970212655561	3.87914555689185	14.3054594092369	1.2879429515764	0.260954844455768	2.9863606280853	0.384798744252181	2.77518557445209	2.28490067253885	29.2724512071569	10.4718040736625	2.4721756564446	6.322852045127	0.372944288700626	0.0231837975849745	9.37895833180919	0.0812671960474532	27.0393061485775	2.1855774382334	0.0694669584380297	0.679444085055331	14.7022705298367	0.35563929260681	1.46006490476818	0.0347004480992938	1.17290429891992	0.255539537272792	19.6543713427404	0.164055347966767	63.5222147857571	15.9340922423808	130.869754981735	0.772818571624614	0.541099125521463	2.53271522387856	0.0395612467055228	1.01878062210766	331.655089995032	14.4056388733141	0.82660153428627	0.208001668297042	0.162391488429156	-2.42414624999632	1.49042471098484	0.402632573532638	10.8350901450065	6.62355778785495	32.4571367713077	-0.0530243937390729	1.17503240311704	828.871885849467	777.994788944672	177.661702348237
MED	33.1071169709023	0.316418902122625	24.071030362005	0.946758892320756	14.5703196882396	7.15368800386854	32.5926244634721	4.41173585633745	21.0299307193125	14.1168788014302	18.2980541461143	72.8175495100748	2.48612097861836	0.0843264149480845	433.966357428879	0.143396234021035	307.448890462627	12.3263171493819	1.18246989880187	84.5107672649494	31.929720471725	21.2961040178658	1.95108042344588	0.0307664987206286	700.59693996918	0.0232271168408837	6.66183530556028	0.845876054006917	0.935499378831293	0.24192401612953	4.68348625676221	4.43714084763227	8.85572053667139	7.49944873893986	7.02062507453223	0.432651044051285	22.8651856525098	15.0121446958818	41.7511982640905	56.9514270611376	19.1583599607878	0.81562876632837	12.6987346499275	7.12235041716401	0.0158514498358523	0.284592311437475	228.597923576034	4.40778236571544	0.278993239938465	1.27473295242462	0.263023726176706	0.150118984800582	-29.9172568829092	1.8162879594845	64.7894261093221	251.596584013109	313.611140094729	-1.21726974833136	-0.338217561837573	2895.01153995708	2292.98297031011	1850.66874133922
NOS	0.0240604994945385	0.0127690918726086	5.01782669472924	0.101675949361413	0.369554740011765	86.0675789457983	0.0599854744309434	3.9267096038737	4.76994192674812	0.000198343808324062	8.03031997630256	315.013140862121	111.637932743518	0.303001428174286	21.2999356936351	0.609233653109395	414.507606312425	477.791382048027	0.0282800356939329	0.0558967166116707	0.896624377511388	1.37883566363507	56.0391168603032	0.694282134456461	5.71778273022466	0.0290487362171315	1.36882756285065	2.45075299888431	2.08651628534002	1.00450998872296	0.0766036763556073	0.0143105597350785	0.0199250258585991	0.00990455672196644	199.057290334247	29.5361838260376	27.5302129365441	1.89142194117497	0.896920833935917	0.668206517543348	2.89288087673644	16.8306604168346	0.51807008892803	0.802760952759267	0.016604424973192	0.0301447349990733	0.265653221969587	0.126675622035991	0.0662871212413253	-1.94888955010688	-1.2251406669057	0.00336932734530462	0.728081488637909	-10.5371185675436	0.24151820421591	0.744392605394709	86.2029436389102	-1.59068738256732	0.0338649502195358	1875.19637979412	1802.54404574652	1756.60879548094
AST	0.413082002505761	9.70905495084519	0.430812281438841	93.7796530763263	0.203123472315425	0.0576439865453082	1.27138905043751	3.01072701408008	0.182445771593383	3.78768758985401	0.471704713849713	1.56552871742754	0.213387930715827	0.0523500230195563	1.66512860020471	0.0947211668033219	0.824784346297834	0.119138581505201	12.6567346577843	2.55019623191585	0.344088715804836	0.751836321686008	0.0234772986870499	0.000472731310076981	3.00748915093618	21.4808798000723	464.05447779035	0.333662318292743	0.00491859491671648	0.142905456872087	0.511419029103932	0.0454591333111051	0.309096846039648	0.0160923277287661	0.13501540483494	0.0247613346539233	2.87892055082809	0.0769421436612247	3.51376954475696	1.69098913457204	132.10693806458	0.176360775035746	0.0917121745913372	0.416035182237362	28.1365695172916	56.8176250690662	185.459768162746	0.427454841791474	41.5070102090703	-0.0263451295187299	-0.00404281067170031	0.166629892965691	-0.355533747582474	-0.0221531680175836	3447.00013814928	15.7405703915184	822.83169236754	0.0205910694295242	-5.48181237583901	5357.4151764294	1077.54544179029	24.6736104650804
NOA	5.45897869390883	0.0241548074019514	3.18167350539654	0.199812862135385	4.53796763512416	0.735766617820068	7.43665838444433	0.779272988618657	2.14035652374038	0.468968952496655	3.08938317386802	8.06954786034843	0.39319495719665	0.0392761001503374	85.3425908282077	0.0225765501473198	31.2810028805008	2.0842547936477	0.220750773244064	17.4575054356598	3.69923038441235	3.72465675153962	0.360884581566708	0.0139972095716406	57.9552731080612	0.00102462757185815	1.86099703656755	0.211526287414188	0.10009953185104	0.0557668564282549	0.869131956202573	0.793102319186428	2.17836404255973	1.09352133504561	0.618432804827753	0.0502558363718311	5.00177535352134	4.79121710269312	9.17274966725001	11.6592399469618	5.01867077998755	0.0976259537473979	1.04216384269609	1.44085288662541	0.00105345939958469	0.0352826478193238	30.6681650847095	2.10864591654443	0.0365110895381308	1.26231711343537	0.0501370090531291	0.232036145741016	7.66444110036239	0.426659688696029	2.08081464873141	419.836073484851	297.736404037507	0.606154799941041	2.01520972352277	1049.53416047657	317.62391272473	245.268946103152
SUM	174.504079056734	131.318412112523	508.46405414251	635.060984439895	132.823412532943	541.486037674094	300.635881314896	1235.90796626072	510.188806638274	29.5348020267653	512.239281853576	4365.69442299873	619.309938275065	86.4595183917625	2742.71569057592	295.513751594975	5456.60173941671	2204.94958154098	323.399578984089	442.515060022275	330.950379100242	467.738918171834	849.922193771292	44.7438207900327	3433.91872328693	241.733660799202	6513.62254104949	303.27810872005	36.4021386759311	153.34255922062	153.915295233367	22.545713087489	78.4900113088801	10.6991758251804	966.492175375786	220.73774879195	2069.84835324711	271.234680221874	1257.34799513018	683.457527580051	10439.89736225	416.067783405913	143.691082901624	198.501675895563	254.720305792604	267.429406462622	3918.87807998171	197.260456806564	557.289115979885	-22.4773105975341	-7.45517853485729	-1.934613892624	-13.2651719321216	-19.9108474025393	4227.16291770317	813.778757775818	7351.43431777245	-4.71776232559579	-1.76899069799414	68074.3261065853		
EXC	133.481423802318	118.644247367858	458.951580686991	531.45056935057	110.291092770695	401.438161996362	231.567709284777	1165.92799393636	471.760464427584	10.6376119780415	454.227043398647	3585.01622397718	353.931150943828	67.9384713758955	1959.1322061051	233.036373449583	4061.709734552	1238.09049772453	279.616818364924	327.061562801214	287.694060935125	425.415727927645	471.495174817501	15.9777161807542	2637.2357093082	219.855029713216	5970.09258997298	263.67166178674	30.5300304944628	126.757888583059	132.165688029749	16.810981251213	65.4916180848546	2.02410652307801	687.316424382931	140.763403679993	1805.32439220614	201.709320682759	1130.50116037232	592.347461735657	9979.16552934876	294.036584024801	126.441414763392	180.607008361486	226.379444551274	208.898004762659	3140.23341082847	171.950188082531	513.885528958209	-8.84634797648333	-1.1859907501296	-0.0931674030151596	6.04861290930056	-9.60538706030174	699.044224423083	117.399188778372	2235.76671295717	0.68449323572177	0.271761385646585		46258.6881986444	21765.8049325087
EU	26.1078892283653	0.236380424707477	395.213945719349	1.20635377097125	22.6329954438499	381.766899949783	170.853308753841	179.071686763611	205.041245189429	5.13651873538617	387.569534429471	3260.54101296853	294.693039909253	43.5434702506132	1862.95005531124	183.374984100121	3903.73260427441	1171.89113879244	1.22227456515329	242.565345411869	117.272281608573	296.723565215249	460.339297523319	0.543724900430025	2326.66887094403	0.132174828893442	45.1000715923012	174.586747725182	28.7655668912505	83.2484232684237	29.8218786709578	2.76957799905231	20.1573970833323	1.62509248726741	646.928348862321	29.3683271159848	1334.56402754904	196.13682957179	746.654235361505	190.357250456857	155.835072046913	244.803957068912	102.33300886076	136.023266791766	0.092765669750235	0.657837875177377	78.8801561304686	11.0793189030484	0.774770067885664	-13.8538073953303	-4.32170789112234	-0.107207116417151	-4.24613230207106	-16.62116569668	3.46516449574897	63.9008795860266	552.541933258092	-1.29659851913763	-1.74320025557467		20201.5945270628	19083.2330967271
emis	197.6053717855	126.3498544721	512.0908380721	560.0803434891	137.3648842587	561.5598133376	316.2896536198	1270.3919765684	508.7502750365	40.7494502135	529.222958917799	4491.7812246965	627.542027405299	88.5676615985	3128.71580034721	302.0470489764	5592.12953334562	2283.7363404842	317.4413589263	504.2617125749	342.6689345478	484.8316164076	861.5701927441	44.0202603428	3330.66026408081	264.706926469999	7016.4645270601	312.703020119	38.3258043665	156.6326628601	163.2232830942	24.6643641384	86.6462037357	12.722699521	989.971293249399	221.797606748199	2161.9691778384	377.8089993307	1305.3698061383	732.710880703199	11147.5510026931	423.0208237836	144.4478924819	207.4089904131	283.3954347728	362.698148062599	4634.1120711781	207.221472859799	672.013252228497						7257.51393594712	1944.73507469082				68310.2647507338	59108.0157400874	29786.1373069236
