	AL	AM	AT	AZ	BA	BE	BG	BY	CH	CY	CZ	DE	DK	EE	ES	FI	FR	GB	GE	GR	HR	HU	IE	IS	IT	KG	KZ	LT	LU	LV	MD	ME	MK	MT	NL	NO	PL	PT	RO	RS	RU	SE	SI	SK	TJ	TM	TR	UA	UZ	ATL	BAS	BLS	MED	NOS	AST	NOA	BIC	DMS	VOL	SUM	EXC	EU
AL	18.3445175648887	0.00025226789884375	0.472002052485542	0.00143606937175	0.609648803459719	0.110634713586211	0.874964143726911	0.0720990674655859	0.119252109891081	0.0030628824678776	0.310257629357133	1.14893038390086	0.0255535291531693	0.00459735181374219	2.36459355284699	0.0170676984873411	1.43856787520609	0.217003409810841	0.00244445712751563	8.20958360599993	0.533323310064172	0.717163913448393	0.0175222861781354	0.00104018055947135	11.9002397929258	-1.34612958072917e-05	0.0121858304604792	0.0231568761465208	0.0175351474064297	0.00982787345198177	0.0349703833107656	1.14574120411646	2.38151773058604	0.0876567403317084	0.145611106808219	0.023306809800638	0.953020084387164	0.176010740932984	0.610731619578352	4.76012879722756	0.381283929759146	0.0253243273033047	0.110629298083385	0.263542155670581	-1.3103078296875e-05	0.000978904731880208	0.957944559386224	0.653890185457175	0.000779848285708333	0.365573491622378	0.0516449669865807	0.110684746519628	12.934067665094	0.157888515698076	0.0695343248110234	5.64063209704879	17.3572644792844	-0.00650530104626302	0.0237065224068828	96.9959977493959	60.291184253889	30.7881410180801
AM	0.0123302524095313	12.9617590393847	0.0376542175373333	6.26916593153924	0.0114216263892604	0.00971602882360417	0.0582220152538542	0.0237553798695417	0.019173041388724	0.139348290658656	0.0197653088707448	0.118049202218953	0.00359632835920312	0.00145413028647396	0.151620632032667	0.00452047508872396	0.0864373543681146	0.0279765024922448	2.16519826626137	0.265655084294651	0.0129362600980365	0.020011953250375	0.002380838924125	0.000225097844338542	0.217299814168349	0.000147462497130208	0.43575689170425	0.00472258033600521	0.00124606027121354	0.00231862409529687	0.00843658531028646	0.00858214080565104	0.0139143195674635	0.0015742948995625	0.0120615894433281	0.00639688771394271	0.0553912462037031	0.0132359910559271	0.0595835924849687	0.0425841560805313	0.769167517237109	0.00529898477342708	0.00825232210167708	0.0102572827260365	5.11089021927083e-05	0.201763429404922	7.15879949850782	0.161361605207359	0.0579961182346719	0.0238392402532812	0.00790483749624479	0.125612527679682	0.949747178983328	0.0122230564432813	47.5238301632928	0.990714366504208	15.9831737402101	-0.00170260593485937	0.00502348076572396	97.2989393470711	31.6783410455957	1.35063001344528
AT	0.0577526159099088	0.000285000107005208	119.743521444223	0.00103856118196875	0.664403807027797	4.63560252431045	0.26846317615425	0.205776573092208	10.6300416173695	0.002172170473625	18.6347788747906	98.9622818359955	0.262669020359995	0.0357312137168203	2.07715547208118	0.0902901507226615	17.8023851589267	5.45539124797133	0.00220544998985156	0.251961100281919	3.44641050118162	6.6583291817526	0.302409907134287	0.00197440584952344	29.3561595273194	0.000194100120049479	0.0172600842789193	0.218098611365745	0.744792535780119	0.0757924935940911	0.0351758143966432	0.0728966679025781	0.0502764870932083	0.00827567872884636	4.84677430743734	0.227783894009969	16.725906006305	0.141234719718976	1.35950460988378	2.79259724488628	0.747613391463198	0.130630417366784	9.38960666009905	3.68905452481402	-2.52269017421875e-05	0.000866340705161458	0.257505006970365	0.954034398548995	0.0013522669439974	0.765028690585685	0.618685395095289	0.0449049046744844	4.1969097547631	5.28498072057422	0.0442483392573281	1.43924552568214	18.9117158249221	-0.0365962382336485	0.00852799241142187	393.314042483167	362.036439613353	345.314699300689
AZ	0.0254733982492005	4.64607832663272	0.0772537946979688	65.9622593405964	0.0222684932242813	0.0266639112617943	0.15565256032232	0.166732073155159	0.0376995081200833	0.159669498036229	0.0601145475971953	0.304224270620404	0.0209546404566172	0.0127628184743021	0.250056606133453	0.0471659671083463	0.190889342417068	0.100580555848622	11.6538041239196	0.443267422595185	0.0292726507608984	0.0600015917768333	0.0108589314411693	0.0018183144191224	0.411820732820185	0.000788759472325521	3.51277896718478	0.034240230144099	0.00302975050263281	0.016286460085763	0.0520291438735755	0.0163409851549688	0.0257355532949219	0.00225536732192969	0.0370720401705573	0.0413151294103828	0.265333930660516	0.0250853417495417	0.230797584743367	0.101735936986737	10.5214126119006	0.0433437986111536	0.0162710450650208	0.0326557140069167	0.000276580217622396	0.920790484293302	7.95450502374033	1.55439313178059	0.285839784698703	0.0684861536211484	0.0668166185368516	0.504896989409588	1.34865987506202	0.056051744307112	127.925800647364	1.46058874045293	32.007314520337	-0.00581084493088802	0.00483563011321094	274.009296850028	110.571309651065	3.06753799034896
BA	0.753215946627058	0.000355721651375	5.77797412306995	0.00174031787504688	20.2697863508301	0.56633372487887	1.09471369055252	0.205692695686599	0.464078539058677	0.00360056025811458	4.83804878864215	9.2649332099666	0.146457699339172	0.0198537813926302	3.5421238601221	0.0704788114830416	3.39492151503952	1.02612871798383	0.00423191319236458	1.28813110063729	7.75637497608287	9.26588005888372	0.0734364728933125	0.00258196370947396	19.6505736840588	-8.45202761770833e-05	0.0272198318625156	0.10497293807774	0.0743325715566458	0.0347648647164531	0.119102534966432	2.46753854927601	0.271875229024042	0.0381086328795104	0.794914239756646	0.0883278426367552	8.28955303977248	0.20698152277538	3.3028540056016	18.2336221535122	1.05144229070151	0.101556620901901	0.975318725346073	3.01932717710826	-4.31802725885417e-05	0.00144242432817708	0.622766321346698	2.22886133473169	0.00143570118913021	0.415250645992771	0.296272881321854	0.186891546638208	9.83455774993104	0.974726105927489	0.0966855744294896	5.47850721385735	19.7927912513619	-0.0169423174660833	-0.00620485565905729	168.590374871769	131.538159990352	84.7229960253708
BE	0.00316231153196875	0.00046953682425	0.62471933282113	0.00192993038026563	0.00801396926055208	47.5843499087943	0.00775406860826042	0.146890638490365	0.57266305974238	8.72814316927083e-05	0.530607523481833	29.1904527700422	0.713721509151234	0.0208070311057917	2.15290118981714	0.0614884039389635	38.2725773208448	24.6323630252607	0.00131012934215625	0.00921305276454167	0.0285171202617708	0.0920490845260729	1.13250255174468	0.0293158517225104	0.80475050864351	0.000100632116380208	0.00783577973032291	0.0954276826441875	2.10852350140323	0.0429769180352552	0.00686476172449479	0.00155737160289583	0.00145483072058854	0.00119851122085938	14.4098423481314	0.348680067219396	1.46716299219524	0.313943050790125	0.044277045004224	0.0253812382659115	0.647528032087156	0.23461644455012	0.0458196206351146	0.0771079951680521	-4.88999064791667e-05	0.00133508029419271	0.0124314156554167	0.143808136269094	0.00130621478366146	3.08725375339973	0.741216952135531	0.00317096259957292	0.438044488008635	23.3640302911074	0.0174581370712083	0.268006578054766	10.6955019691964	0.0910023669171094	0.000215189755984375	205.36764856912	166.661744062842	164.699126587079
BG	2.26901777150832	0.00865952308574479	2.75957974598541	0.0639087536589062	1.52432419223254	0.524095245318474	102.896216569591	1.33050004162197	0.33832683494725	0.0817272478690104	2.66649887229814	7.50839459540349	0.22112471910674	0.0686867726519792	1.84051563669044	0.216792144761307	1.87296092395445	1.14526830321004	0.147772818934562	29.4794859031988	1.02675476465503	5.24349579982464	0.0868665815038386	0.00672071496882292	6.21746473243966	2.16006684010416e-05	0.349025142180073	0.268125514896677	0.0604058293947969	0.114288778800365	1.76471120490303	0.983216494524885	3.94748270446601	0.0335810171949115	0.784934999419833	0.180904328747386	8.11570699674533	0.150322372498089	28.4498830738941	24.4857899669904	8.88947174631029	0.205953838225172	0.397721644491745	2.00035553563012	1.20744385572917e-05	0.0140950622529427	27.6527136108903	16.9167895839248	0.015751266470974	0.417926125630557	0.548344038453906	6.42794928519741	16.2198329055979	0.990724078580797	1.2042356649339	6.524168341266	39.6449517553972	-0.0256782330674063	0.0527828954137604	367.331660454784	295.326397778598	204.436653645171
BY	0.217624192754036	0.0294717632458906	4.19816468275811	0.268617331611112	0.720307648297031	5.27143747419863	2.80740289912221	77.4709441679621	0.768648373210875	0.0076061980686224	10.0866106169303	55.5643532629519	6.55075181911319	2.48126904234272	1.79578352170131	4.46701926598682	8.79016419027024	12.4930617960637	0.209828544802495	1.64939878282897	1.17102280352201	6.04345018413406	0.867726607172833	0.0429690938487265	5.56579116872939	0.00381774673985677	1.67346961844666	14.902791176242	0.430727660693263	5.37717963897934	2.97477700600631	0.295140193957761	0.330130653831328	0.00835050414130989	8.35586786941935	2.66002807909201	121.022582930234	0.136804920119432	12.3155613324634	3.99949034604533	89.9394484346922	5.85999057319861	0.956475943149982	5.08765364397586	0.0006158327585625	0.100380153446245	6.63945977775272	66.3967363202055	0.0536349047290338	1.65343373915085	19.0780050916351	1.94810569709725	3.22170672959685	13.8804879185889	0.8175673817613	2.14519517228446	46.7052109475293	-0.0410924431112656	0.0390767354553151	648.508237661935	559.060376489986	304.264946844446
CH	0.00209667773316406	0.000212351639226562	2.54788680331129	0.000424383081108073	0.00839348092534896	2.10579923345554	0.00958711403394791	0.0376861575503932	51.9327793862085	0.000361430216130208	0.670967872107118	22.6384310494532	0.0786449621901042	0.0039664777928099	3.48306483342709	0.0078626797360599	33.9783266239674	2.65823844171631	0.000299101621852864	0.0136186608016328	0.126498593039043	0.204740185659204	0.182605838647333	-0.0014013095696276	19.7695547425764	5.17223736549479e-05	0.00151644831289323	0.0254612659815013	0.478851498638676	0.00772113104988412	0.00129955346930339	0.00261881125784896	0.00148074510371484	0.00287890913772005	1.72397331745687	0.051492716711888	0.853202386152629	0.268218463909991	0.020949140670168	0.0417938163493958	0.0655718236609766	0.0188120719878659	0.245785237449523	0.0963182058748411	8.66591329036458e-05	0.000148438382717448	0.0174754301146732	0.0335991830240052	0.000174562351042969	0.776586125005518	0.099716622454099	0.0022219968873737	2.57812375714374	2.36634475420289	0.00535047400038411	1.2106805799446	10.836384281631	-0.0137268140554063	-0.00423384025692448	162.277575246833	144.420346171526	92.2223863440813
CY	0.0123275528865469	0.00453044970522917	0.0257737571386224	0.00825718118380469	0.0102873897895677	0.00838705714295313	0.0591572971694297	0.0122364310013203	0.00873476704841927	3.10173978257192	0.0155355786336719	0.0734413662760078	0.002461999598875	0.000428964211838542	0.0881369889097005	0.00186262306720312	0.0789429004268672	0.0215082810623307	0.00396896823622656	0.6821359597138	0.0105890937463568	0.0184730716411562	0.00214619118257031	0.000198950323294271	0.185546130216018	6.72694536796875e-05	0.00421510534263021	0.00169311121498177	0.000803183303528646	0.000808265402953125	0.00586144316175261	0.00627870976714844	0.0205612258047109	0.00311731226719792	0.0113432989491042	0.00302786996885156	0.0374989175435156	0.00517748338046875	0.0544684823979323	0.0494705390374323	0.12452189837988	0.0028533916720599	0.00529731919297135	0.00848350292701562	3.48609798072917e-05	0.000760832779570313	3.98306719039287	0.103442918111526	0.000537693232364583	0.0150605077373646	0.00470981786121615	0.0758657716625	3.14199617404528	0.0134390374857708	2.1692263463371	1.17878667446103	3.4595232023246	-0.00130148583802083	-0.000228258105083333	18.9272783455194	8.87005151297944	4.50780956888874
CZ	0.0708338458309479	0.000445770181760417	24.428122353343	0.00188165974376042	0.740511804597937	6.34675217316166	0.354118987743823	0.525133042523229	3.63186168364289	0.00106984556811458	82.6898207981067	116.119585615158	1.05117168328358	0.103773143619396	1.99101919098334	0.192692512923943	19.964393491053	8.81170324130079	0.00376359186491146	0.31084873821951	2.26426745352602	8.90605647618278	0.504505520659734	0.00771837027251042	6.9361002224635	0.000228500166598958	0.0187593912299948	0.481052752079641	1.10706642954647	0.234093390598068	0.0720517202213437	0.0853509109976667	0.0849828155396771	0.00288763269877604	8.06052871597807	0.51494922548712	51.223796965808	0.184796909035682	2.10010995757427	3.93689445263922	1.66051213042869	0.396345452217854	2.92721230034047	7.24442355004364	-3.21816205989584e-05	0.00151113765642708	0.211370136790854	1.68880124408276	0.00170180648892187	1.07272991020714	1.79731886568354	0.0604769088285469	1.7098122459483	9.11748153954842	0.0382992849889896	0.749272623311604	17.9391825534598	-0.022293327908776	0.0152739792361146	400.675101145288	368.19753372991	354.938091812421
DE	0.0469630905705052	0.00325696586491667	38.0641656741741	0.0137553684530729	0.312692098128838	100.259695971184	0.185291624232781	1.90588420559373	30.8489177468834	0.000744043718229167	44.3734210373178	998.687401870567	11.2189058903303	0.49553377813188	14.6906367045664	1.00948229300597	219.668089940832	125.45951060646	0.011152027164776	0.167366531031891	1.35711256315482	5.71708214607624	6.4918716121021	0.123273952956599	22.1398527409956	0.000817633491411459	0.0908797471172761	1.57877865055313	15.3987238900209	0.850931288406349	0.139878768779474	0.0389487148169583	0.0305816975302917	0.00829112096640104	115.761196534371	4.41743709069555	77.3239342680798	1.68903710797244	1.44339539058243	1.22814620827162	7.37006720012999	3.48095379853182	2.01399304736696	4.03042419469842	1.92002799739584e-05	0.0128542560388177	0.197028057200141	2.6080276613063	0.0104650646917188	14.4023980322081	20.826448628244	0.0558358054222813	5.46747732160614	131.506807847385	0.116663861148833	3.03752687063609	97.5006956812218	0.269335623473755	0.0217777472554375	2136.181838494	1862.97854318373	1813.56525488307
DK	0.00159912863323698	0.0004771045433125	0.587573985439716	0.00195189112699219	0.0227733890370885	7.01088327892529	0.00804462025489583	0.598404627224682	0.290122542523802	3.297774575e-05	1.64146071933699	36.9876096637705	24.3923776077685	0.13446786720355	1.08755642713248	0.408617899599685	8.67894143304796	26.1953823105834	0.00146264405629427	0.00642669014902604	0.0583831755640963	0.337507179309112	1.65475196013982	0.0167028424259818	0.497833717005195	7.35306722604167e-05	0.0161463770681328	0.469449547552463	0.280354341227901	0.228889609825797	0.0210109677280417	0.00146610615085417	0.000781557561036458	0.000561067748442708	14.7415011799153	1.93191553291307	10.0358167572563	0.148522450579026	0.0943015272058932	0.104014936856229	2.08899121426888	3.0933873811557	0.0658406016682109	0.283211522378091	2.67716941145834e-06	0.00111240987132292	0.0148455101612057	0.543209833212505	0.00114864635783333	1.97582437576868	14.9515845403734	0.0065017560636224	0.239156050141688	27.4369359570567	0.013629240984224	0.199566409514672	10.7683550783495	-0.00794382477959375	-0.001020672086	200.370489880438	144.787920369958	139.130003627048
EE	0.0111137557909896	0.000543373121356771	0.43269892747012	0.00541956551822396	0.0407417411285885	1.26825357294421	0.104392227837193	2.89239131670034	0.123517745235401	0.000184618635653646	1.02114036677013	10.290083354199	2.95956087165745	8.15626674934429	0.138881702520478	5.6444338233566	1.64207565180887	4.69771208899738	0.00239887340014583	0.0837975215202018	0.121885493484341	0.519118880574181	0.376841352632999	0.0131804747287018	0.35463957592295	0.000147681339260417	0.0872890471807891	2.73571590534739	0.0881655575228281	3.75282590215835	0.107077083784385	0.012139890302069	0.0160923000074089	0.000282270340855469	2.19919898424535	1.33654268272678	11.7155865276069	0.0196369225606614	0.489713452175181	0.286805290680525	16.1368366232013	4.59094836310787	0.096517193615556	0.395832205726397	2.74298866263021e-05	0.00307670941765885	0.183725266145872	2.60548488238469	0.00230797389202344	0.646568554454112	17.0129310450512	0.0560333270467617	0.189450304867346	4.86305048234893	0.0230549079440534	0.0913036073051029	8.12849393785783	-0.00570615981915364	0.000492291513541667	118.768922069226	87.7631985336064	63.8963521056842
ES	0.030620056542974	0.00131326640057292	1.35663165697399	0.00411252647769011	0.0629931853114245	2.64699515923882	0.0598952296963386	0.142629911059742	1.27048490386052	0.000518662836757812	1.12380508005649	12.677722229824	0.383491250829976	0.0139288251977188	702.834791607276	0.0614964061667317	39.9616483919746	9.3899409341301	0.00383730025079167	0.0954069577889609	0.37356305178132	0.276485526015281	1.38740269435983	0.0361337627177656	9.84243493677448	0.000200543418486979	0.0157939401978776	0.0632287538439297	0.401990717235042	0.0292669499196771	0.0148270087145495	0.0263573113422839	0.0117210113319062	0.00937189975961719	2.12311521781246	0.247882437308984	1.73477994775778	64.6491733727066	0.166660411447867	0.124260940358326	0.701070989713708	0.179608118067669	0.454624928171456	0.204829382569466	0.000109655184197917	0.00181158928224219	0.0791245410930313	0.21992912211344	0.00155559769915625	68.3638205518096	0.394560742035526	0.0158144523569844	104.974472388092	5.10374089231048	0.037187629636737	48.1129703828703	172.54548613462	-0.128757222729753	0.00321931367714844	1254.92209316527	855.499362080416	852.502933589673
FI	0.028683934486188	0.00560171630025163	1.40797804981669	0.0369184403525661	0.0624395353539808	3.99156111204502	0.271361974699874	5.96054887604912	0.367648230340716	0.000393567824770019	3.26754547383019	33.2236304920341	9.20124668083233	8.38761693324673	1.16926884273423	97.3404891259975	6.28336312688478	15.715942346929	0.0147844091734958	0.233502503680997	0.302880622656873	1.31683573465029	1.20340200954516	0.0961044117869347	0.951242253911541	0.00280026505042773	0.592732131130855	5.22580003236333	0.295516991465745	4.95082554603311	0.187956248350189	0.0150164942942034	0.0298764251376102	0.000994239799914062	8.05401395173852	9.49932210731806	25.739175062373	0.117576077237063	1.09426464067795	0.637004334779656	80.2201887763566	29.8259069849972	0.258504900060567	1.08030454393271	0.000578709884297689	0.0258552235270475	0.511796270035022	5.35328175229935	0.0375225327909653	4.89148430218839	54.8976998315079	0.157784073744128	0.590523775368183	17.9134867318304	0.221608701889144	0.328651110814879	50.5295189936243	-0.0320066904536654	-0.0172170145569373	494.079338462753	364.597945634768	260.911215644804
FR	0.0635526483959544	0.00320030808708724	6.35792410303694	0.0100654088339896	0.189295433068475	54.1159042705047	0.185314711455021	0.676407639418514	20.3198266783752	0.00140972272900391	5.56968289150447	144.167617533987	3.724095420784	0.098971051648806	177.595167933199	0.317889081820788	838.511178577612	134.35862690525	0.0081650631322565	0.200782825880165	1.01398789359389	1.24032370835551	10.1281289003023	0.121610854310807	56.8266386453235	0.000400377729802083	0.0457124485047995	0.517769392630667	8.68732593816176	0.218343178864225	0.0551370752242214	0.0533695560846068	0.0339053142527669	0.0771976164620976	40.0491851659976	1.86854397625951	10.1881181082801	11.5072410087893	0.553399043432595	0.642668851293613	2.77483944359275	1.32261124543126	1.48031903825587	0.803892215969976	0.000175784489119792	0.00581994528666146	0.229742892942556	0.936255009931145	0.0053996280795612	64.7745146409755	4.07762175732314	0.0426968061922305	67.7550109990474	111.124157963086	0.11027371013935	27.4981116093391	178.164102046259	-0.0879670520897735	-0.00918550648560547	1991.31247744034	1537.86315864221	1509.81821849026
GB	0.00992025130761068	0.00134751756965104	1.50517179731855	0.0062768023406836	0.0183736589133906	15.5135915650614	0.0444724618729974	0.515345520321403	1.05302824804896	0.000178848597298177	2.22463648549505	44.9400826003951	4.1549595440993	0.0951384735284428	13.3432061339851	0.38089696824794	43.7235629880367	467.225029673578	0.00413698300696875	0.0378719485728945	0.112412177230379	0.398633665343548	37.0297661945434	0.350464479087352	2.63994897811209	0.000444954343502604	0.0350859927250182	0.276458463964712	0.831735855783272	0.179732708691503	0.0529733937919713	0.00636342128284115	0.00637283538818751	0.00087852799523698	25.0388188869478	4.07573399725592	5.22686565316038	1.81260571527563	0.263415179661423	0.08680293482047	2.60245485962416	1.5643584280484	0.158742818565895	0.495652043364244	6.48681561653646e-05	0.00380723099882422	0.0549821624316263	0.828012992455122	0.00399340823722787	45.2508187196844	3.62424707342254	0.0171708101637253	1.93634364183215	85.8885092455385	0.0545295014368451	0.729015698703045	80.5621558414095	0.205557630513492	-0.00204759496026562	897.201111865327	678.934448771912	669.218543589696
GE	0.0461145732705521	3.85198170325822	0.159715672447052	13.229344429453	0.0445425243757682	0.0651083241170313	0.436546215592849	0.152020943522581	0.0555508998946042	0.206322411875581	0.135258922203456	0.647018766339112	0.0322578386085104	0.00932030725611459	0.383748882354799	0.0289694871492396	0.288457398266589	0.165577919543813	38.6486039745691	0.824117799288807	0.0479276943574427	0.145377800954768	0.0114178839236172	0.00147508913569271	0.56776467794069	0.000220263874395833	1.39324179345363	0.0398882649873516	0.00678241746819271	0.017604211645125	0.102679330100536	0.0341724564329323	0.0659403343448177	0.00375482580872135	0.0798751055135078	0.037245245155375	0.56875839633413	0.0320614124390234	0.62165159683357	0.269503140034279	6.41568953417773	0.0421144900613854	0.0348445242531719	0.0925095381971276	0.000107766020489583	0.462077602136542	18.4213023084054	2.42648690052661	0.133903624753419	0.0989472178534219	0.0920976784807891	3.19104046112345	2.08782597075864	0.125520201206497	38.916513941202	1.97676663899334	27.8571833798875	-0.00587505316373958	0.010994495538474	165.837972154537	91.4867720329816	5.69450137395709
GL	0.000310156380187002	0.000237370184069041	0.00769176616423339	0.000742381434296508	0.000449543341311981	0.0715845343818338	0.00154921424936365	0.0180022992477364	0.00351397507990797	4.85120519296977e-05	0.00950919383445358	0.302680852467443	0.0826421964185278	0.0113386205258688	0.0129069333355076	0.0885197182426328	0.1396705875592	0.787303724312873	0.000702446252477468	0.00166326697879838	0.00149506076107639	0.00547216369012341	0.0806818375456284	0.276896071781019	0.0159219135930553	0.000208031721591441	0.0413787658766853	0.0120912046210394	0.00652537570109257	0.0102623779911578	0.00122761692190568	0.000275043208466766	0.00030186208162498	1.96268775814819e-06	0.102032542559091	0.365524097349432	0.105595985558721	0.00185138307580776	0.00522298766869938	0.00326818586927412	0.527261572110751	0.144220612646631	0.00165642880554072	0.00442386684326424	1.82061094845886e-05	0.00052107739209137	0.00630710632251488	0.0407657647724921	0.00139396606932374	0.402155377262294	0.146877485187356	0.0016056596788721	0.00382318796857385	0.455257295672498	0.0441252486436785	0.00105278353613989	19.1707278399549	-0.00736778020128801	0.000149193986210134	23.5222766554672	3.30388778302364	2.01455978746988
GR	3.22893824450932	0.0122815648090391	1.46617134874449	0.0625320525235104	0.859697216187597	0.454405796317172	24.7303438337291	0.710983139028976	0.319091848396167	0.135892197031849	1.21105009265122	4.49713582429289	0.133798665730669	0.0369342050521536	5.14195337932455	0.124628819083828	2.82686715118484	0.859565008037562	0.0745237162104062	148.512641859953	0.784001725566399	2.2254601600385	0.0700621022102162	0.00600286697055729	13.6890421664334	4.34009594114583e-05	0.282135768564878	0.143600195852224	0.0478614348199141	0.0638997810333568	0.716713725315646	0.563288845027359	5.37660357486067	0.221004726091664	0.620231756667638	0.126796071017505	4.05526189955944	0.422219727756589	6.69948425526636	10.1716586576378	5.44644768785332	0.134086407839727	0.269994570636602	0.885953279965013	-4.21928339739583e-05	0.0195180411705104	33.7913244690513	7.8093987246986	0.0171404830517474	0.838033200670073	0.328951660994495	3.23851129302378	66.628608585322	0.70975914242658	2.393879822354	21.8563416294361	68.1168000134981	-0.00551901456703906	0.115268462374648	454.279265071414	290.058419563407	220.463285134992
HR	0.721347308534021	0.000480763702625	15.7307916895559	0.0019114225073151	6.37046142306351	0.898478282723997	0.798220242909453	0.204183739610935	0.813663150764409	0.00727544778441667	8.12702756675906	16.4170116262296	0.153516778660213	0.0231190710901511	6.14147348811278	0.0716107513017292	7.40195346410553	1.2732116427523	0.00441359031109896	1.37827051884765	28.1345595519745	14.0413100496258	0.0919438529660625	0.00345843934951562	47.2194505606021	2.41041849453125e-05	0.0327793938822448	0.101200858649695	0.135476274594797	0.0355873561821042	0.10149675152738	0.817102070086177	0.236772660906307	0.0511349116659349	1.23512849347074	0.111564169739451	9.37759767305127	0.340376003839562	3.32080927008893	14.7019756509649	1.1107037275891	0.0918525624835286	5.93920469239192	3.97430867102982	3.08890226067708e-05	0.00115477035189583	0.540485537885	2.11896166071326	0.00152133711377865	0.712644217586701	0.293216694124526	0.131277695725109	22.3162691890818	1.39662023827367	0.146062047981135	6.82402931174518	22.4094597850887	-0.00791889821089323	0.0186619504949713	254.646716147151	200.406418572917	172.512011419797
HU	0.554943883393284	0.000901437052239583	23.7301045171332	0.00426354677599219	4.89160921256672	1.77602249393953	3.31523213837122	0.803536472612271	1.59335969412435	0.00527511558988802	15.4277140383991	30.4074807488977	0.473478134769385	0.0825789401278334	2.94918164296546	0.228664211002594	6.76654549152464	2.75396141930955	0.00930991305882031	2.325758717721	9.01491646773239	68.5982894376742	0.172693021361953	0.00432404354234635	18.0359968264026	0.000340071509317708	0.0588730835888828	0.369542313590313	0.290038467014656	0.144512790190909	0.366134028094138	1.15949986356144	0.90994431024649	0.0154694516296016	2.23242219303106	0.268375065652549	32.393018182794	0.185322251105779	20.512886861558	29.8297566654222	2.65733530688127	0.240681770782359	5.19428278742035	19.4044474037652	-1.79782228411458e-05	0.00248035219932031	1.51671037772453	5.92320134887173	0.00310523698157292	0.590664486210992	0.89797179046926	0.415126454266515	7.33919251577312	2.74200091932312	0.164153021742917	3.62647415380105	25.7626097041122	-0.0340449846526875	0.0117340579181094	359.120385890406	317.604808918554	267.046614242101
IE	0.000928862543184896	0.0001455270884375	0.133708628319624	0.000580030422947917	0.00380473110830078	2.1996143570862	0.00552233550438933	0.0698682591742253	0.115083056162874	2.1188979703125e-05	0.195674259456645	5.70399523666208	0.465539862143007	0.0122112560710768	2.71646754853552	0.0395426381763411	7.20037558631488	31.4314189618779	0.00041185597175651	0.00376425965442448	0.0142553105295534	0.048340741237345	40.112078525816	0.0836966905006588	0.31057993545044	3.58521570794271e-05	0.00466831753697266	0.0379623831288815	0.118548178074789	0.0222642122186693	0.00601015247421745	0.00110452574859245	0.000491887752765625	0.00019790163759375	3.14053863351019	0.274857026469771	0.712236379479523	0.600062106009548	0.0244383708085156	0.00955647383536197	0.353698704180273	0.153945346573997	0.0171192346016549	0.0435915724283906	1.10098298541667e-05	0.000236518762377604	0.00587768776087109	0.09402604539547	0.000186734364419271	11.4787483555993	0.421165070822569	0.0022465100676862	0.447159338901076	8.50979155622226	0.00470687745409115	0.225866209290022	24.2178217631782	-0.09109315495156	0.00173214543986588	141.707439571551	96.4894522717595	95.4639918426965
IS	0.000405605466265625	0.000114138493407227	0.0145223636094886	0.000465004657913086	0.000367575153813802	0.659200823507454	0.00129255116774544	0.0257538067149886	0.0118839207751068	1.39591189322917e-05	0.028613211913252	1.69921317673643	0.279341333615758	0.012294218437207	0.133866342762571	0.0606065587228912	1.14905617289204	5.73204520269945	0.000264153073695964	0.00169253069878125	0.00268530942596745	0.00698892537360742	1.77141468792043	10.7655945646316	0.0374187071451009	8.16333272900391e-05	0.00426766271234603	0.018615954808127	0.0281321391693679	0.0161177636955967	0.00136050311353451	0.000167480292424479	0.000208374121864258	1.01628704609375e-05	0.862163590322425	0.4525380906734	0.235012874930443	0.0284689983955859	0.00501818403526367	0.00276910698537142	0.253985614472626	0.169244651640964	0.00275714604723698	0.00711156696289746	6.89158377734375e-06	0.000273696708786133	0.00308460533845736	0.030337395789848	0.000439506790301432	3.96489820858084	0.289043653314092	0.00111236690516797	0.018382324731141	1.93586284087462	0.00803703800748144	0.0129220485009375	18.0474825528594	-0.00223275506237988	-0.000334484538821614	48.7924622336748	24.5173682341575	12.962921172996
IT	1.41457336568859	0.00344054267837565	23.7171443224233	0.0133515959820606	3.46413869429009	2.63655524339185	1.72160227311604	0.381592674589127	11.5188054116921	0.0252947792821022	5.61628118988091	27.7238279988111	0.253523703096932	0.0363545141886621	48.8894633488948	0.135516339868771	74.2300162181023	5.22873473305322	0.0246608440918815	4.48996572419831	13.9412050944381	6.0828733584156	0.411266824340918	0.00996656371290429	920.311511541397	-0.000271085714501953	0.107400253631527	0.153944999806127	0.348384110592234	0.0651011162233776	0.126251382869396	1.00721677651737	0.563017495479691	0.494542213207789	2.74383277403749	0.260960257610957	8.59634363171076	2.98507322973782	2.47768673210782	5.90395126505703	2.49446229767422	0.213184017683074	16.5298671537762	2.23037006237406	-8.88359472330729e-05	0.00895022494138542	2.08283278080622	2.86235595150215	0.00716889292319922	5.23410307995663	0.488867345618471	0.298029517940936	173.151082814367	3.60954820446163	0.458767024679549	49.5804911987102	128.495210359915	-0.0223226612997096	0.139495227755252	1565.97747671034	1204.5460817025	1172.28940171348
KG	0.00805840936460807	0.282070031477419	0.0414287261852174	0.606510604412617	0.00741796403734635	0.0115689338405078	0.034351396830543	0.0615345560256237	0.0262644389715182	0.0469569441454037	0.0283968776020964	0.164270664758514	0.00907157347595833	0.00535550466153386	0.169916415313992	0.0211829725310156	0.122637604695048	0.05080411380325	0.225302962361178	0.0985802775756524	0.0128189678875846	0.0264499534448984	0.0053169924679388	0.000676878287520833	0.208040871105143	77.408383499469	30.5626883594205	0.01117331341322	0.00180707293747656	0.0071929599034375	0.00979455678440755	0.00452807215078776	0.00786422250004297	0.000566644934407552	0.0157201735142409	0.0149989680464661	0.107732169972117	0.0217785839354727	0.0498798208156029	0.0260686244861576	3.54256304187968	0.0185409835069857	0.00774223941305468	0.0149100620846484	3.75103376017802	7.43568443293605	1.80290639608779	0.260979803484301	109.771797399041	0.0380208715772526	0.0229663986766888	0.0470217444799088	0.357310915150617	0.0212962575910794	123.912737583693	0.482677679575068	73.5985672648051	-0.00234361262247396	0.0180880378245625	435.627662936908	237.13182167766	1.31473918848035
KZ	0.408236402295327	6.15221242353064	2.13867365047282	24.9785521933299	0.464581124728516	1.81919472007572	3.1138426490995	8.59198073922396	0.792181782354223	0.387743172896983	2.5989568323451	15.7440563694566	1.41995276066539	0.96968892641395	3.77042378879463	3.6219826593127	6.31491516800943	5.78119359839981	7.67957652019895	4.58631816107346	0.546445651151163	1.83238128598108	0.497164083813286	0.0900130178447564	6.99440513347821	51.6352788210321	998.584005339659	1.9637160731272	0.211988358320447	1.18582997847023	1.35381263957064	0.31695006407047	0.60730670329663	0.0170893104720573	2.25182402610898	1.84219630385379	14.8043827049945	0.429527856767892	5.93097927580277	2.07048492226255	720.724608145109	2.67674780504295	0.411507813964075	1.51038428776779	3.09481714431337	44.030829845366	40.6095234843382	86.1507706900298	140.070446666476	2.38140524464424	4.86828825073318	4.91278143110262	7.22830114568281	4.2748926824879	834.737978696854	6.61767364339105	591.229204908845	-0.135343342140627	0.143595020012346	3690.03845875678	2233.77979722798	93.5314353854837
LT	0.0502245527100234	0.00206471001288281	1.27134240784805	0.0210841561731146	0.171250707469258	2.54462580641965	0.304977714966586	9.06746197166625	0.275638506834729	0.000375654654502604	3.92778466168514	25.2848162927961	5.17786210671524	0.966934897440294	0.44696441124156	1.69218566072191	3.84243048891116	7.97897813874008	0.0118169196298672	0.234574753525039	0.318868990136555	1.5057199527936	0.610345181942649	0.0172775878247812	1.16872125194878	0.000112939885203125	0.15501088546893	21.1689700274473	0.176335287998781	3.96122370373346	0.408188338268313	0.0596767279536354	0.063942620588	0.000952376458354167	4.45047579202712	1.4128978977459	43.215423052509	0.0426328120442474	1.88292778845948	0.870392168735075	15.9098770703951	3.86965508601289	0.292585212801156	1.35021679551273	-8.90449239583332e-06	0.011881318750974	0.315652946069203	7.96994501468827	0.00859166954950521	0.878419440036654	15.4011356510803	0.124875751927786	0.469398912995224	8.31211316522518	0.08614798660775	0.299993038178495	13.1570041020199	-0.0317392697903932	-0.00166172137440365	213.187573170325	174.491785464992	137.688847836239
LU	0.000276803953848958	2.35427034010417e-05	0.0855346004625313	9.80109539375e-05	0.0011610032609375	1.37092702613797	0.000634382151838542	0.00543237675534896	0.0691616227487187	1.31494652864583e-05	0.0752381705015	3.64424112652607	0.0161635067622344	0.00108195345782813	0.204981520600859	0.00359110688301562	3.30179489447063	0.931107184125865	7.01971050833333e-05	0.00092933709225	0.00416137550947396	0.00983369031338542	0.0508156598154062	0.00108436593861458	0.0941938704048594	1.31494652864583e-05	0.000344876842854167	0.00482926740291146	2.54791244403252	0.0019334916093125	0.000426859346598958	0.0002159370890625	0.000175108015541667	6.08477710208333e-05	0.410428667775193	0.0126740322143385	0.125083456318161	0.0294569225019635	0.00366137270491146	0.00228766034461458	0.0233009842486615	0.00853633689249479	0.00690954584276042	0.0075981884793125	1.175897109375e-06	5.3818085453125e-05	0.000883993426052083	0.00711839085557292	7.9743090953125e-05	0.165549583787927	0.023935087396724	0.000208152641171875	0.0532677529986667	0.702190516733828	0.000741829075953125	0.0275776928212031	0.737667789602141	0.00304677920366146	0.0005785491466875	14.7813004817615	13.066515938894	12.9415969976817
LV	0.0338011417134453	0.00145439190427865	0.932799075896117	0.0139062766378073	0.118594878292862	2.10940875946073	0.287336303265747	6.75358426020432	0.218210025866107	0.000301214431078125	2.47627064598656	20.2541478865159	4.8756063511858	2.69734793898056	0.36273054646068	3.5611206930288	3.10883114648308	7.64741277446733	0.0078194898858724	0.20858669693462	0.255632772315448	1.05842727331615	0.603698022703841	0.0187505912062839	0.910432123186125	0.0001913073810625	0.154446479850078	9.8186200318424	0.15542979318274	12.9790853111612	0.247603044772362	0.0375144936405052	0.0480885070364245	0.0007829427965625	3.76797195754302	1.75326762059454	25.5967395311437	0.043377264594151	1.25502225383843	0.677708875688565	19.3970037100611	5.51085589816683	0.221513650263315	0.891466656291143	4.81412600989583e-05	0.012958027285513	0.485895124599836	5.66816860745909	0.0104228562219349	0.933992972731365	19.2922923180228	0.139365410578849	0.447558377719609	7.88025871128414	0.0587132607159635	0.230497206128974	13.0627484129635	-0.0158675197323255	0.000931603435208333	189.280884120852	147.250462938596	111.590801755653
MD	0.0789635115804557	0.0133243666292578	0.663293067579206	0.0739227948950651	0.177786884954805	0.29842794163276	1.66626414271759	1.15049294689736	0.116933648614195	0.00840816273039323	0.904366192781213	3.41774559742397	0.213458167082258	0.0578589263969323	0.351790632518013	0.15421948448	0.701362941470805	0.542228204344865	0.0896541186515052	0.799116641037729	0.215184190182193	1.20493301349279	0.0324177553358646	0.00271337188733333	1.15380306122971	0.000411253095184896	0.33395355532238	0.242167455128503	0.0277377352255885	0.110451001288724	7.00763196127851	0.0862081045197344	0.118371887999805	0.00410336045990104	0.415724310837422	0.114267929331187	7.17136892019776	0.025915806064	8.16414442520831	1.12498760773041	5.6499639372668	0.185864036272732	0.137562591875784	0.703219574765401	4.45389347265625e-05	0.00478944932939323	4.01028258500755	18.8981337674588	0.00675311623635677	0.120007874892794	0.540715555644716	1.69408815401242	1.57000195464119	0.590815927094724	0.198790302709318	0.94999887721519	8.59717228146819	-0.00698985815630469	0.00437309319913802	82.8917028401026	68.6327306426772	29.5732335219306
ME	2.11971391646833	0.000114909590536458	0.402141831550635	0.000658654784479167	1.11519920888934	0.0705753981050469	0.346331452622255	0.0404350604332865	0.0839718603640781	0.000340285519692708	0.28522901501949	0.919392348274589	0.0191652347833385	0.00333313961267188	1.12929322317954	0.0120541205819271	0.67667351817836	0.157281571060901	0.00151456149995313	0.88030432727012	0.41174142085576	0.635647403810365	0.0111169174867865	0.000554891077447917	5.63959428343215	1.27241361979166e-06	0.0043326556705625	0.0195504485351979	0.008614256131	0.00663912274680729	0.021282471975625	7.05133366999665	0.211391080481542	0.0390056414681406	0.0943052860211771	0.0145611530499271	0.817232626435099	0.0722441687624271	0.401858624864589	3.12875627552717	0.18430507331638	0.0184506061424219	0.075251298580224	0.231689138569839	1.46008006458333e-05	0.000462711318552083	0.279235440469193	0.309513021308641	0.0003322177370625	0.158259218905464	0.0429389951003021	0.0422235119312708	5.17360520417492	0.119092953754099	0.0267716328960885	2.87378348561114	7.76826103135144	-0.00420517330622396	0.00164869689504167	44.1551209740871	27.9528537146004	13.3850996548686
MK	2.11020655167022	0.000542846961723958	0.425684954424031	0.00272012453843229	0.285251049685292	0.0952828542959271	2.71446419510867	0.121172774117589	0.0733498146051927	0.00611537117640104	0.404844599489755	1.18140086789714	0.0320718510172448	0.00560530359406771	0.905045348005568	0.0192833367634479	0.486071014569172	0.176457034450766	0.00498643444245833	17.2869463596259	0.210929513314344	0.951140171449651	0.0128003882258958	0.000939290899682292	2.5522903386193	-4.07096879739583e-05	0.0278694509830833	0.0332386202603385	0.0115589666499271	0.0120596837464583	0.0662148865463333	0.239848003277594	13.9993194318853	0.0122302552945625	0.124594460366391	0.0266960311351146	1.29508720424372	0.0731733403946146	1.23356108706095	6.7565856827104	0.734836594854	0.0314907138372917	0.0682130743439687	0.336516108952083	-8.042139625e-06	0.00143634945529688	2.60897422352109	1.05580432676067	0.0017398766634375	0.106785731658349	0.0750548204916302	0.29800846650474	3.52241086888642	0.14826060909113	0.056303837830026	1.88218369026721	9.57292709371807	-0.00504474533802083	0.0124239023746823	74.4859162855471	58.8165189722319	30.6982838789344
MT	0.000985889226479167	1.12296058333333e-06	0.0028939840689375	9.72296310416667e-06	0.00275892521045833	0.0013007868643125	0.0012955796655	0.000460462417875	0.000952829581083333	3.31777856041667e-05	0.00207434991529167	0.009350830433	0.000171746689895833	2.38918514375e-05	0.0239197451964167	0.000107500774479167	0.0207361286576042	0.00338392936616667	6.54815133333333e-06	0.00567812751789583	0.002530542793625	0.002352548569	0.000288977857166667	1.49022230208333e-05	0.103326838644479	1.22073854166667e-06	7.35896541875e-05	0.000149469660708333	0.0001681274195	6.10281584166667e-05	0.000166527456625	0.00113578090979167	0.00041733045075	0.0635829024129167	0.00150096167914583	0.000188083038625	0.00487404288454167	0.00136547278054167	0.001478110163625	0.0030990719975625	0.00153582873083333	0.00018676155025	0.000918794229875	0.000990881699145833	-2.10222610416667e-06	3.8103685e-06	0.00235591952452083	0.0011812641526875	5.81481664583333e-06	0.00304245826577083	0.0003988548744375	0.000227703767916667	0.410270990384854	0.0022472223906875	0.0002345467390625	0.175885877455938	0.196791404597667	0.000382422527604167	0.0016637554481875	1.06124301808871	0.270114197932021	0.254751057078
NL	0.00398160302329688	0.000505822985890625	0.648649174609667	0.00244585523057812	0.00665898554511979	24.0492123124041	0.00935238626419792	0.169183176009818	0.378242974975266	-1.04807115625e-06	0.994662903091865	37.3370942284028	1.23585414250444	0.0261012319669271	1.92270432378441	0.0809306186331354	24.483409523479	42.5048472056396	0.0018762219570625	0.0129172211424635	0.0649788438721094	0.205167691724625	1.94660275216882	0.0429888512742864	0.761995976361219	0.000139543914546875	0.0102908138889115	0.110558190353375	0.755136649624885	0.0465253999688594	0.00881483921490625	0.00154850983264063	0.00205741286692708	0.00190596801111979	63.0916914472744	0.636318561238385	2.03900930136286	0.287232913205776	0.0561251713718489	0.0268393789069948	0.744535849970573	0.349344678005958	0.0860143307209636	0.139797333798396	-4.09826945520833e-05	0.00161046421749479	0.014655185457151	0.145163542160542	0.00139011787622917	4.00746720469329	1.35629853940946	0.00362689248271354	0.387444465465099	45.0343753976751	0.0188861189720313	0.317857076999224	13.569134388804	0.211527318139271	-0.00281178659489062	270.350833215574	205.446790003576	203.247642560709
NO	0.00350833967093931	0.00238528567566439	0.613614620863185	0.00745223300902052	0.0040625074791519	8.72461745413736	0.0232957308761414	1.53312089792582	0.300238364999133	0.000160663722172282	1.90552814171616	46.939373635525	15.9922883207006	0.752318643169345	2.29353232468315	4.29620783568166	13.3670341068684	51.3065812039267	0.00443052122905485	0.0164515732606	0.0354598455295488	0.211733683097209	3.71594461668007	0.452710933611145	0.349232180343898	0.00188782629672782	0.129752743961552	1.34869801714528	0.548861561046124	0.932211657235553	0.0548054182478844	0.00266444197153935	0.00291888580729532	0.000148380482339071	17.5297272875484	76.0226671201848	10.0112583477519	0.254051100389877	0.142711824618165	0.0335206488725238	10.1031459309406	14.372475276444	0.0517894423273805	0.224136260824047	0.000362598068126364	0.00646431087281436	0.0319507727290069	1.4398409385793	0.0122160202510799	19.4111962238565	16.803155407079	0.0177827336316553	0.321174945366247	69.7664664032996	0.124657497796913	0.111057857385908	59.2332900350325	-0.0637522924625932	-0.000993865577345682	451.833585422386	286.108930295574	195.95912321356
PL	0.310308935800508	0.00809728623514583	24.7248787116069	0.0849374753770079	2.03991314911448	26.0303707806388	1.84319458300507	16.3547747944833	4.31976094729462	0.00542120845503385	74.1020252004737	335.628449451923	18.8876035590943	1.36023381011043	6.07594074404646	2.6653468447171	45.7106715600432	42.2475881006137	0.0545963644055364	1.46828345921998	4.75989889790347	24.4108871708849	2.56850833856169	0.0928927061630807	14.4019420586838	0.00292792308516667	0.353525365697518	9.28855462186102	2.79552923113994	3.39061164342466	1.62744009529479	0.45161425594074	0.414393916729492	0.0151577337127161	34.3730960735915	5.40825543519791	622.252515366095	0.601676641221018	14.7575792409903	10.6819529533931	29.4986730504511	7.93865379819489	4.60703754437963	25.3720648155692	0.000509687692692708	0.0210204387792578	1.84957962017531	29.093780212597	0.0175581036890443	4.80578579035366	39.8331799521176	0.587402240975367	5.37724933471192	49.8117848219718	0.408145211441036	3.47548409871664	75.9864977921259	-0.0534580956139687	0.0105938480564609	1635.21289890261	1454.97117975295	1352.28457121304
PT	0.00315095923213281	0.000176502438911458	0.0780822167082812	0.000717772423441406	0.00236643089826302	0.189759474759225	0.0058281167331862	0.017051778347375	0.0873021924926485	6.71252246640625e-05	0.0808112989865404	1.12531044651837	0.026732550288905	0.00180183628119401	40.9679421409776	0.0108444648463203	2.19328420025259	0.863478161448205	0.000639353043692708	0.00895442817019922	0.0189302433177995	0.0247421757163724	0.191906759389747	0.00559331974278515	0.507873054514345	7.05166518255208e-05	0.00223810787004557	0.00566030755469792	0.0368984989369245	0.00332544147609505	0.00205400514897787	0.001303841418625	0.00134358336383073	0.000257078811492187	0.183242811788874	0.039778379184332	0.143840279219081	90.0929024030766	0.0164881403937487	0.00865688671923047	0.132993221870578	0.0198616745468711	0.0287061989376081	0.0189405514554492	4.66739049466146e-05	0.000292711779532552	0.00788547510181771	0.0266699024883346	0.000280562145684896	34.1688302634498	0.0307668762852526	0.00164033011667969	6.28160803649091	0.400902494865118	0.00457735833508203	5.29567334889978	35.8716156121441	0.00857935500376564	-0.000420558038825521	219.25085737415	137.187223883463	136.846393196231
RO	2.23731814285226	0.0234640202455234	12.3337704401069	0.16572227872651	5.00812195857759	2.61837347911667	34.1683257211969	4.08080348648001	1.74106430083253	0.0680606793670208	10.4882120884219	34.3808941315833	1.10036357781706	0.200955292086787	4.58507176793248	0.622374882510435	8.0965333352278	4.85832146064737	0.322901058176216	12.4294125389083	4.51880711411774	27.2482577224006	0.302787051832851	0.0160962028347344	19.0961943087996	0.00131902699189844	0.751031156996602	1.0216809764256	0.338135597754133	0.380909703984885	7.88198235215301	2.53645736858935	3.28198669187074	0.0570901745996979	3.58431667398011	0.601685984010395	39.7225692716653	0.36104123936506	217.653991961352	42.3943643409079	20.6590404394457	0.869202638662385	2.22327039601979	10.0481796227528	0.000325062194132812	0.0231481938690781	22.1631244906849	52.2849100387316	0.025357859287875	1.1281831668142	2.40070384089879	8.70583723536818	16.0298296270808	4.38569421159635	1.01400495284502	11.5836942271875	79.374105408288	-0.0685923036680573	0.0293647039144818	744.160153373419	619.577319698646	453.377180131825
RS	4.14346909775279	0.00107045860994271	6.35220760173348	0.00839188251445052	7.96997802197185	0.900550141610667	9.93356211069962	0.730957367927445	0.682459536295276	0.00942938148072656	5.36892712231734	13.2107971294772	0.279001847047586	0.043864324232711	2.84518031443068	0.16835021643975	3.44227885258413	1.75842014652371	0.0235551325509453	9.55665561510205	4.29184340116272	15.9277763546667	0.118043665078435	0.00538221911995833	13.3367049464821	-0.000147356729179687	0.0638988582342839	0.271344157244292	0.107437060385755	0.0790226401034557	0.40526840222099	6.03803266052833	7.46350578295675	0.0374270797631015	1.18928096745862	0.163320761405253	12.7667135584178	0.218731377625083	17.7350732290348	108.314127699062	2.76243949593548	0.20577854886088	1.0510887267786	4.73688181324258	-3.27786048203125e-05	0.0046786629285026	2.9993893902171	5.00470124276752	0.0033744540714375	0.508488569302859	0.555910801468263	0.773420849199201	8.32064077284076	1.48997624264679	0.158863471046901	6.03350429709332	32.9066710380737	-0.034077766946513	0.00383422876133073	323.447425825207	272.730370602287	125.94224887885
RU	1.51203760615344	5.62468599271487	15.5184541421128	35.5797124970184	2.8362409013571	21.6448976752496	19.5645893678008	131.21897785897	4.05834741703221	0.555066308934983	24.0227700564435	188.740596391306	30.6118454362135	36.7888959184154	13.2425120193484	108.640994587051	43.9720621610371	70.855097942061	15.412788887091	17.8032668012789	4.19304717860424	16.8605480352298	5.44418738375526	0.678026424918959	28.9600371898531	3.8217235423078	686.849962578347	37.5677647960606	1.86122200690475	29.4967339400386	10.4027341054685	1.49220781091522	2.42057203454768	0.0538297331629189	34.3099766621582	26.5122646885023	236.367647165948	1.17866430037825	45.8181623536202	15.2058726998958	5689.18907970054	49.7748194939408	3.42169966018735	13.0022906864157	0.624094786015019	16.3649812960142	117.47053188339	617.766105278487	22.6365191399221	26.2159042719249	141.586511377665	34.8509229670824	29.989437588535	68.6308855994841	317.650776578395	16.5985357951127	1488.91076743834	-0.241255132662029	0.156884887983678	10632.298517895	8507.94812216244	1100.26834451817
SE	0.00676028000675195	0.00174592543031803	2.4624626896382	0.00856940646114226	0.0587009774959992	12.5879703718118	0.054705260990958	6.32186572831988	0.815437988683734	9.26302748177084e-05	7.62998657586911	99.3610654411148	40.6169764564475	3.57466793888432	2.13810216444587	20.3542401660754	17.5702647332939	49.2705499658553	0.00407868655549447	0.0375556589346541	0.314477134582948	1.61048686447857	3.82335905057575	0.166487294075633	1.38899998564777	0.00162809447230615	0.292338050930752	6.26180043701214	0.870733070287182	4.53628633469231	0.245678295986839	0.00758227809076562	0.0057080287357653	0.00147532514009766	25.8720794327314	29.9962024900899	49.5569801175973	0.21281737743515	0.595357731412761	0.27671749767686	31.5241090279334	85.5496410492314	0.348081771404268	1.58186824954466	0.000166239140705729	0.00567408775552962	0.0154065582007625	6.81134789547478	0.0101676132484912	9.41861231404364	78.0580461724961	0.0531044772832695	0.670919846675151	63.0847282636698	0.0943461069960692	0.46817154225821	70.9365964181573	-0.0788582859379059	-0.00188739450744743	737.46323589131	514.760292491142	438.183249046068
SI	0.0507558577325208	7.28066399296875e-05	14.4185974588765	0.000355391758976563	0.596122184249	0.387050650747667	0.105881427066034	0.0518338111988802	0.47392669385106	0.000489368802596354	2.28660272098734	7.57541280706354	0.0312089027117708	0.00560170256607292	1.72749779718845	0.0163298726519896	2.89638112790683	0.464463552387575	0.0010281804508125	0.139653942994378	5.86094637412001	2.63056605592327	0.0309879035201875	0.000821407681755208	20.5424231916244	3.93814564140625e-05	0.00594547919652083	0.0279755774782057	0.0530465479124974	0.00956105344735938	0.0164847516416016	0.0520250661146745	0.0212487382194245	0.0110781543772578	0.478791408979396	0.0292478979339505	2.44277861405725	0.0925340166619114	0.541092151341479	1.75270431620435	0.243075263923872	0.0255586198496562	22.4417924107831	0.827004074042466	1.52793130911458e-05	7.98437286953125e-05	0.0924102473176484	0.412195701910849	0.000235241760169271	0.195889137681953	0.0885514333877578	0.020914665402901	6.022021020106	0.489684825781305	0.0170703687739089	1.03588451756959	5.54192801511485	-0.00777314482479948	-0.00780257414032552	103.268299293207	89.8718652445315	86.0714592725659
SK	0.158402314051411	0.000369141746283854	11.2158043688335	0.00313512822646875	1.66568618225707	1.39281320956053	1.0502939649632	0.528142802709542	0.947661573019258	0.00259421023101042	14.7656789566302	24.1633819930509	0.547481205701367	0.065568318782125	1.24787460208369	0.166656236330107	4.35257601714128	2.38588976649307	0.00443274515851302	0.77721158604855	3.04806410130677	20.2355080378396	0.145992924867375	0.0020432788838099	6.54018894816914	0.000309767309231771	0.0255990601108229	0.305621975701115	0.215920867157372	0.120404530020594	0.176879153076771	0.307318244126276	0.241402132525766	0.00886965856779688	1.91277684706366	0.235077439950898	40.6650039565619	0.0911417410895208	7.53100370509765	8.90299156398319	1.43644304568849	0.258475060993693	2.36323375669356	30.1633896929464	2.06423491223958e-05	0.00103173418127083	0.638205798541552	3.5135973684013	0.00156595047675781	0.367192177946565	0.966181948986661	0.154341310652958	2.84607716584703	2.45102936900488	0.0856252320262605	1.5089340846812	13.2741034702341	-0.018896110694849	0.0179550907013229	216.182279046086	194.530309969111	175.739390335326
TJ	0.00606815130589323	0.141229008722182	0.0263066318473092	0.326529083718318	0.00492122701428516	0.00724142489211133	0.0217990927681003	0.0505258334552864	0.0166343770794499	0.0311424508440098	0.0220633080949049	0.109477763342395	0.00566634869453971	0.00326643355375586	0.103337496555223	0.0125135593993112	0.0772441636751966	0.0342395441461152	0.081813035913073	0.0624223437651888	0.00936257463783073	0.0200798086212858	0.00340217822515495	0.000461323629735677	0.137372093295999	2.0473652103691	3.73101102828171	0.00800866276945638	0.00113507599316862	0.00512423892991406	0.00816059655777408	0.00293492276380924	0.00502203264788151	0.000410574280635417	0.0105406439568001	0.0113429125356061	0.0812543267532305	0.0135861507243971	0.0400112140927468	0.0195538946433887	2.20069341387065	0.0121258504746621	0.00520537161188476	0.0113690271287207	9.10175933013023	14.2064679354365	1.02742965801488	0.188586436452182	24.8818276576983	0.0224406461655801	0.0109665328757865	0.0298005816008464	0.208992157589514	0.00995464750041732	100.433789132521	0.335491048849726	73.5711920774586	-0.00135867692196289	0.00915571739439127	233.566469288348	58.93620934343	0.875832404908917
TM	0.0556808921637578	1.74080091682946	0.183515894548891	10.1086558316307	0.0393614616642891	0.0829287177675937	0.239455003072089	0.559040014056122	0.0896150774040364	0.223876621562649	0.177931865865497	0.921880952967508	0.0728170684441171	0.0569254600391354	0.574369269113865	0.185287527700146	0.552024118430375	0.378331997308761	2.14862287383498	0.695352372473933	0.0665147637770495	0.14785493681256	0.0368091150800521	0.00594089055935677	0.919681329882927	0.261200495215932	19.3296902391662	0.103401501869599	0.00971947341472135	0.0642994204462135	0.1037858093862	0.0271227322326354	0.0484646532089375	0.0035578993934375	0.124384970411917	0.138168876803284	0.823277697749729	0.074381228753487	0.45994230669693	0.176958156154266	24.4180545024242	0.152438917962245	0.0383182232025625	0.0914237354455495	0.684249489812773	56.6903441138835	8.7810252941375	4.07452400789116	16.171509640438	0.216953900041534	0.193188702603109	0.431998789360565	1.91482697764978	0.171779622472912	680.113914738042	2.47429238876282	196.348521433115	-0.0141009457540104	0.033432544514862	1034.9983265099	153.113809909739	7.46072350744668
TR	1.31706340927329	5.25435942511339	3.19787538975295	4.03133924025538	1.15404875443837	0.808069829999006	17.6517505311761	2.15459571641399	1.01926791165864	6.84032910224748	2.01911258540295	9.63108162129331	0.372828306466417	0.0852336730856874	8.82881994546797	0.296667462399734	6.00741753066377	2.140554515164	3.67019873182895	43.3067197053091	1.08264420300478	2.8666913874795	0.178224273250745	0.0153570338910156	16.2678763465788	0.00274416448126563	1.67593603375495	0.370064780677933	0.0988679939837603	0.158553541839068	1.7631452404681	0.715181653693875	1.75594022575581	0.236152852701672	1.25238132599888	0.366091788012542	7.78588056113609	0.725588025046713	13.757682986202	7.79311768596708	29.200854128611	0.402345809805161	0.611289859156713	1.31657925420403	0.00105259290353646	0.532076393525911	676.258738869812	24.5281172944675	0.188687451236172	1.74839571090904	0.887447628600422	26.0908102396561	135.210739764979	1.41506942617367	453.649851669384	66.4610224262325	368.332425255113	-0.0931845839061198	0.152481490909354	1965.55025617311	911.693511009796	148.296169906426
UA	1.20506457144218	0.380497520843799	15.4824809522376	2.89381179965687	3.1126575306991	7.88771624369336	19.7357871387337	40.0588345191775	2.5196580621332	0.158106989072128	28.0614520796759	99.8763366424806	6.5140210319753	1.94302419664065	8.0614690053225	4.36649723537737	18.8082770336114	14.838597763961	2.29944902895703	12.8115668628203	4.82813023272541	30.4034354074212	0.9834280218683	0.0633015921998776	21.7745085914019	0.0181920705069193	8.9481595661954	8.3808891461279	0.885135186304654	3.57946865156283	18.1265803939992	1.24431242008696	1.79743727876269	0.0556837585454713	10.4184146386417	3.12954221357028	213.837354587693	0.606434903695099	73.7484381080131	18.3115207285187	222.810520048339	5.78755047195496	3.47393176861343	20.046321531707	0.00251835426017187	0.421670445964901	69.8870623289277	555.416251033396	0.258476836697812	3.09667563374671	16.7539545570591	26.9758204544221	25.5092549514421	16.6434802752047	13.1666153220449	14.3235639356545	153.769543765601	-0.103654186804177	0.0777170373359713	1860.47294827192	1590.26088333259	637.355033659655
UZ	0.0611302656448203	1.38872800018038	0.214406884416482	5.53254235122949	0.05081883858411	0.0980244193581133	0.297414997176939	0.579422827403143	0.094343266378233	0.149628956143502	0.224483396800771	1.08383931991535	0.0926362181527597	0.0509956523804518	0.579037774495602	0.189416612519559	0.611629154735435	0.447598868694418	1.55392279992098	0.620084184938532	0.0754350741251054	0.179692385823053	0.0423909796915892	0.00600096544535482	1.00930489955107	9.87944985929695	28.3535862142278	0.118470821059133	0.0124038840768021	0.0715875254522038	0.114658658285348	0.0310206961298796	0.061458901460597	0.00339685451004948	0.133281057494549	0.13452952290275	1.00177173839905	0.0723165342542304	0.53349676824922	0.213777579204469	27.9989124374098	0.168945474686448	0.043552163192263	0.119205364412376	3.83256030716414	34.4917599359881	7.23283480020151	4.52332317906167	135.044384214036	0.222299225594722	0.231997350184783	0.406028603637573	1.49964544888702	0.21660121726929	372.076278600834	2.02657176626979	161.246644344708	-0.0145947857913652	0.0523018531452767	807.387387209599	269.423564858135	8.24450559305204
ATL	0.0789580291079968	0.0669667492933762	7.08708787597695	0.241047616390879	0.0816134216066625	74.1531985061921	0.505514125674388	7.38113587860573	5.18343767468694	0.00406811352594783	10.7893581029961	258.979401091554	31.4624915406871	4.91406179981607	380.462948737136	38.0423460670567	310.873675611299	641.554497820904	0.129368815797195	0.506163206577247	0.757174604135192	2.1307898810929	145.557294398245	42.0942698958441	13.9808785268915	0.0662865643714297	11.0817048390059	4.5103267485835	6.00273719385531	3.90605106850245	0.301185585838075	0.055340642968169	0.0663629191385768	0.00922132136984062	93.5471397321077	138.935107005116	47.5903925921816	151.329626913468	1.58702628226498	0.766475008765556	299.161206012861	36.957263780767	0.945688704882436	2.08666851760204	0.0117286156868896	0.197189519707548	1.63463283234099	12.2309852065915	0.378833310243553	1066.41442589623	45.7330857560581	0.398448980136204	68.9686393558854	300.805674597373	4.73376133192431	77.7441237823577	3731.48741789924	5.24641393907281	-0.0949155123563337	8091.81400503523	2790.37734546997	2270.23357614715
BAS	0.0335230502248607	0.00315566026775065	5.67997178676718	0.0234352690654961	0.298515053892371	21.8959367855878	0.231438193885867	13.3085579768517	1.55611313299081	0.000386642785367839	15.6925747149973	181.549157299562	45.728019445709	10.5699938504359	3.43432965534452	35.3793510496136	28.982790131467	62.8708511180627	0.0116110602825098	0.226362060152063	0.934427787398774	4.95525599738612	4.52274630239863	0.109122398562294	2.98118306258306	0.000860256860576172	0.668492880763107	13.8882082794208	1.55818195356691	10.9647870242901	0.546245264690611	0.042841306815666	0.0411076366434656	0.00287720438003711	39.3634401037068	14.4354610642646	118.95367216258	0.40521243649909	2.24826592431078	1.45840083770883	70.6166123520261	48.4550505959826	0.894023396913498	4.20851825620954	0.000135922943373047	0.0292206608128509	0.266419383943055	14.0919249670693	0.0275381425611511	7.31237671750067	160.215670120176	0.164277807022067	1.32537571962786	74.8833188777344	0.138225126767434	1.0237538844683	58.1285868789665	0.418449070738459	0.00656159818692775	1087.76290330243	784.146370200593	666.576887457567
BLS	1.50666910804695	0.957553136003967	8.35778075976635	3.38758578327496	2.00113351472041	2.27466858761107	38.743053108788	9.09511756295397	1.64167515291446	0.703786085661935	6.64046641449391	30.5831658443837	1.60963337430595	0.563080594097776	5.09768823240876	1.51676075706802	6.6671790844637	4.521395049952	16.0117116276568	30.6556041743873	2.2841900983174	10.4431506764404	0.275618793537833	0.0248946598750208	12.880665595828	0.00142149754721094	3.21291998417358	2.08635151500092	0.255897362314924	0.918171200113286	10.4312906156215	1.07087728883594	2.49234794367505	0.0832717490047968	3.25445681324601	0.926708432043297	45.540938734206	0.380473498881562	66.0673695625264	18.6472377714775	132.577295804027	1.84018995910923	1.56480774297083	5.93362397839616	0.000474375651096354	0.242449462245719	253.9421310825	178.279995987535	0.126499332301302	1.66063280739792	5.39461444650505	95.0011870573367	56.2591018298384	5.06539835827516	36.1363947499735	20.765248840552	140.010191652927	-0.0538739460762734	0.187033192374052	1288.74735845947	928.32198391747	291.743445844484
MED	19.9568925782831	0.320803829558322	36.0933193680962	0.580627435143605	16.501790714358	12.708460684371	50.9486560822495	3.21255155818607	13.8335381379413	13.559147670235	17.6567280493625	95.117396384736	1.70864446170173	0.223943212958771	439.415936098446	0.928660667752591	284.147993724029	29.1210977862417	0.445586875810035	228.488877952463	33.6100606411202	20.5591778243346	2.45523422659034	0.103262303143806	741.563383689172	0.00214070517429557	0.967754268619402	1.01241421017688	1.64600818701573	0.4086862652385	2.90912522958097	8.9468380353887	9.37982115186456	9.83949413969039	14.6609458386206	1.202912205314	39.1531483944565	22.8761699884497	29.9482324631441	38.5982021195603	22.1861730832336	1.23717307387553	16.2392805673638	9.00520555824099	0.000624547306549478	0.0672698776143607	351.803784364447	28.4306607780911	0.0635709847995677	49.9611845653131	3.8036377376538	17.1434264039085	1677.14768014608	21.858469439303	165.584471679335	764.29005402296	1118.11513640156	0.717999900119918	2.70587162086003	6495.17533991065	2673.85173285546	2154.33499743318
NOS	0.0195251645809551	0.00496669144624414	4.98748849771596	0.0192415818666055	0.0728469589492663	77.7191893866077	0.0915098452829095	3.99607484299036	3.00010301995327	0.000486766369771484	12.1197125056431	272.375879849446	59.6289171496341	1.21592954903349	28.8305157948867	4.16467760310172	164.636929361185	696.860356118902	0.0153400100410417	0.0917050031357918	0.479856106714472	2.50410522204419	43.4460527432593	1.07932194018828	6.43966494414012	0.00131270153878516	0.149241494711953	3.54896627558144	4.69100501119422	2.09770476339027	0.259084850838063	0.0121943191618496	0.00940090730320442	0.0043830847395306	128.06139441266	74.082074409851	58.3823768552583	3.49003353792106	1.24093285729277	0.448411918921216	15.5295488192502	22.4147938731993	0.699479339396138	2.60438349209878	0.000242961279867187	0.0169740745713919	0.132192214010057	5.0830404692059	0.0179157218480234	80.0157599745705	50.5594143082443	0.0685782623234499	4.18059093553425	458.1784437751	0.217549322695443	1.89778731085902	191.871623511973	2.32112986739326	0.00452935712093425	2496.09289164816	1706.77905475901	1602.82895584868
AST	0.510506020063239	6.81252543324636	1.4147860103807	64.0680564340106	0.369990223816284	0.569058593603374	2.79662026799757	2.87291752996414	0.643530131326674	6.82672710524625	1.24597621201045	6.01955818974598	0.392485495829612	0.206970202395368	5.08224148371303	0.787093921898223	4.1655815192493	2.01614068962709	9.13878385993428	11.5672391894973	0.55235172491023	1.16115434992341	0.197208315940646	0.0304945186142897	8.31110317471477	19.6190719726553	197.605147772978	0.545452814449538	0.0654361429777933	0.30560374366207	0.755401118314811	0.24067850577964	0.522763112222966	0.0548360744009381	0.787093515135647	0.603434021793946	5.10440371952923	0.54237125292152	3.7408022259532	1.82611958014078	131.409310545738	0.69761668827796	0.281634309239185	0.67040284827925	3.9014105959975	61.3088334788948	112.536948534328	28.0538006703802	39.9116555320688	1.45343906169877	1.1671840256432	4.42406158282829	56.294296092011	1.19157799289782	7976.51987765649	70.3110085829817	4392.21420976629	-0.0878626553734189	0.155255703301704	13252.4923771825	748.849359716143	66.1043551407405
NOA	0.827683366573945	0.0254450999554297	2.90199567883375	0.0512821305127357	0.848517215493856	2.00526937456088	2.53495486327495	0.390001580586247	1.67321714232304	0.405084680041022	2.19180927944914	11.9316241996972	0.198336400953845	0.0183709369510742	88.1502399103631	0.0921165391883932	30.8536446959803	5.29496247730324	0.0281042693586862	11.234101768613	1.51971035803394	1.63035936428887	0.53881249911806	0.0297459775993346	38.5654167212588	0.000887212310595052	0.0860751168909791	0.0771417840876562	0.265357691135947	0.037343217563974	0.181660401861645	0.484104974530275	0.493915459025216	0.895344679363408	2.17569041922765	0.265549932335924	3.64743865991383	16.9514802715262	1.88580613073549	2.06920022138563	2.2401366666139	0.18561114837659	0.881369632825729	0.798378213159806	0.000200266938815104	0.00923482723397786	13.5865856548817	1.83952173049045	0.00817290630747005	58.4018843602478	0.293799940858282	0.78058219373118	200.755168564749	2.84790985627045	16.7393239207812	881.32807930613	983.296797294636	-0.0891161291062187	0.019746566993155	2397.38118962433	253.006744686474	227.867219954415
SUM	66.747291917812	50.7492561094642	455.321976263916	238.795406943274	88.0018154877745	567.814317111414	349.481813913072	365.713042390045	183.959996578992	33.8784900863841	459.685861865281	3536.52618633637	335.865219828916	87.7384405987517	2049.99789963593	343.187997118137	2425.38670352869	2637.72589480486	112.389243050897	607.583925398147	146.971863446753	331.784057305215	322.526191460477	57.1592877766346	2183.9970168212	164.786070799978	2002.98543466078	152.025559964287	58.209234146231	96.2796725180901	72.5136006580295	40.3833634240362	59.9980802576218	12.5878212605711	746.012867562766	408.488939860196	2058.02540656117	377.758979363882	605.35017344548	415.05872566844	7778.76285458541	342.267074810487	111.120158720507	193.519665929748	25.0102834852411	237.934194169263	1805.59584209726	1818.79611185574	490.305668954002	1607.82629272	749.245914472906	241.464383312021	2834.47107780206	1670.4238010417	11320.790854738	2154.13695290869	15327.5264618248	7.65707684589862	4.12802377216359	74030.4358199758		
EXC	43.8135346009312	42.557839509693	388.79954628638	170.424130693008	67.8274083849379	376.488535192879	253.630067425919	325.456685459907	156.428382186855	12.3788030225188	393.349236586329	2679.97000347729	195.136691960094	70.0260904530635	1099.52399972364	262.276990512457	1595.058909401	1195.48659374387	86.6087365320168	324.813872043322	106.834092126123	288.400063989704	125.533224181387	13.6881760828076	1359.27472110661	145.094089889521	1789.21409830364	126.356698336987	43.7246106041703	77.6413252353296	57.129607591284	29.5304883505561	46.992361127749	1.69839300762214	464.16270672806	178.037692789477	1739.65303544303	181.783611464216	498.631737999252	351.244678210482	7105.04257130166	230.479375690898	89.6138750269157	168.212485065762	21.0954661994372	176.063022268182	1071.6931480308	1550.78618204637	449.771483023872	342.606589337045	482.078508137768	123.483821024735	769.540225158333	805.593008144762	3120.72125095011	336.776897178384	4712.40249841915	-0.816063200869915	1.14394124568312		28227.442653929	14348.933484482
EU	11.3822451083663	0.0853556404250037	330.246596462573	0.539136212395837	28.9178968634375	325.152960670011	172.847229213215	60.4329077567048	93.1425368753378	3.44146486929025	311.166028421318	2206.34191999848	132.281667448121	26.7028676025451	1044.55150700169	135.500122240215	1450.4627909725	1023.81129096955	0.727543942715883	203.592958563665	81.1729984510531	200.662613385202	111.433932425782	1.27489818307557	1201.8354846074	0.0124223030179963	3.51743587039842	60.7522700522236	38.8909593513884	36.4400679278552	14.3958497934217	8.30756623371598	15.4016832044819	1.09019926207477	384.178979516092	65.8208696216001	1100.43362295912	177.128499312969	313.443425930893	160.614450366355	255.597331522454	150.261895570842	77.8647321233665	117.253759068876	0.00189275622659717	0.183000174337658	96.9116182730359	157.643099204741	0.187820316266414	280.590586014478	279.377031924172	20.8409405061741	515.736988023237	622.130073847759	9.00647709250757	196.689480645838	1279.55977745849	0.00509781691467954	0.40598572309882		12394.0457845273	11418.9400906
emis	75.3022929399629	53.5165608184869	469.48036019942	242.378026592365	93.9340215149959	587.708948680199	381.221322495275	435.960159769788	191.613887283825	45.4957512175326	500.828690801652	3707.85202778919	350.466581835412	95.241130582742	2329.72599858589	397.837335724267	2561.18015053178	2787.43703452073	114.98018125653	742.563238085434	159.392088849917	354.646807948643	341.712559580609	73.55534488516	2316.79635349819	188.24700868209	2312.61334295208	164.917195082623	60.4105451191016	106.058782522696	82.7735295340909	42.94603940461	65.6559853032693	15.7799992593872	773.640512517596	460.835724006098	2210.88068040947	489.874853652494	641.045783984529	440.238710689192	9598.35926220292	398.041579979861	113.208462047706	203.836555328803	29.0923215107019	294.220731925024	2138.65800639433	1972.83319228297	537.306336653639	2097.869622695	781.63718578	260.794636117813	3393.775797995	1719.889189315	20378.7133351287	4215.97392862748				75600.9556930923	42752.3019974333	23307.2813308311
